2026/08/04 14:55:46 NOTICE: gdrive{iWtD9}: This remote uses rclone's shared Google Drive client_id, which is being retired and will stop working during 2026. Create your own client_id to avoid interruption: https://rclone.org/drive/#making-your-own-client-id
2026/08/04 14:55:47 NOTICE: gdrive{iWtD9}: This remote uses rclone's shared Google Drive client_id, which is being retired and will stop working during 2026. Create your own client_id to avoid interruption: https://rclone.org/drive/#making-your-own-client-id
2026/08/04 14:55:52 INFO  : Google drive root 'S6A67340005M': Making directory
2026/08/04 14:55:55 NOTICE: gdrive{5SXnH}: This remote uses rclone's shared Google Drive client_id, which is being retired and will stop working during 2026. Create your own client_id to avoid interruption: https://rclone.org/drive/#making-your-own-client-id
2026/08/04 14:56:31 INFO  : DCC/20260803_093906/dcc_config.json: Copied (new)
2026/08/04 14:56:31 INFO  : DGC/20260803_162213.zip: Copied (new)
2026/08/04 15:02:07 NOTICE: gdrive{iWtD9}: This remote uses rclone's shared Google Drive client_id, which is being retired and will stop working during 2026. Create your own client_id to avoid interruption: https://rclone.org/drive/#making-your-own-client-id
2026/08/04 15:02:26 NOTICE: gdrive{iWtD9}: This remote uses rclone's shared Google Drive client_id, which is being retired and will stop working during 2026. Create your own client_id to avoid interruption: https://rclone.org/drive/#making-your-own-client-id
2026/08/04 15:02:27 INFO  : Google drive root 'S6A67340005M': Making directory
2026/08/04 15:02:27 NOTICE: gdrive{5SXnH}: This remote uses rclone's shared Google Drive client_id, which is being retired and will stop working during 2026. Create your own client_id to avoid interruption: https://rclone.org/drive/#making-your-own-client-id
2026/08/04 15:02:30 INFO  : DCC: Set directory modification time (using SetModTime)
2026/08/04 15:02:31 INFO  : DGC: Set directory modification time (using SetModTime)
2026/08/04 15:02:31 INFO  : There was nothing to transfer
2026/08/04 15:02:31 INFO  : 
Transferred:   	          0 B / 0 B, -, 0 B/s, ETA -
Checks:                 0 / 0, -, Listed 10
Elapsed time:         3.9s

2026/08/04 15:02:32 NOTICE: gdrive{iWtD9}: This remote uses rclone's shared Google Drive client_id, which is being retired and will stop working during 2026. Create your own client_id to avoid interruption: https://rclone.org/drive/#making-your-own-client-id
2026/08/04 15:02:33 NOTICE: gdrive{iWtD9}: This remote uses rclone's shared Google Drive client_id, which is being retired and will stop working during 2026. Create your own client_id to avoid interruption: https://rclone.org/drive/#making-your-own-client-id
2026/08/04 15:02:33 INFO  : Google drive root 'S6A67340005M': Making directory
2026/08/04 15:02:33 NOTICE: gdrive{5SXnH}: This remote uses rclone's shared Google Drive client_id, which is being retired and will stop working during 2026. Create your own client_id to avoid interruption: https://rclone.org/drive/#making-your-own-client-id
2026/08/04 15:02:39 INFO  : log_file_20260804_150020.log: Copied (new)
2026/08/04 15:02:39 INFO  : 
Transferred:   	  126.392 KiB / 126.392 KiB, 100%, 31.598 KiB/s, ETA 0s
Checks:                 0 / 0, -, Listed 3
Transferred:            1 / 1, 100%
Elapsed time:         4.8s

2026/08/04 15:23:37 NOTICE: gdrive{iWtD9}: This remote uses rclone's shared Google Drive client_id, which is being retired and will stop working during 2026. Create your own client_id to avoid interruption: https://rclone.org/drive/#making-your-own-client-id
2026/08/04 15:23:38 NOTICE: gdrive{iWtD9}: This remote uses rclone's shared Google Drive client_id, which is being retired and will stop working during 2026. Create your own client_id to avoid interruption: https://rclone.org/drive/#making-your-own-client-id
2026/08/04 15:23:39 INFO  : Google drive root 'S6A67340005M': Making directory
2026/08/04 15:23:41 NOTICE: gdrive{5SXnH}: This remote uses rclone's shared Google Drive client_id, which is being retired and will stop working during 2026. Create your own client_id to avoid interruption: https://rclone.org/drive/#making-your-own-client-id
2026/08/04 15:23:52 INFO  : DCC/20260804_151503/dcc_uniformity.zip: Copied (new)
2026/08/04 15:23:55 INFO  : DCC/20260804_151503/dcc_apply_color_cal.zip: Copied (new)
2026/08/04 15:23:56 INFO  : DGC/20260804_151503/nominal_workflow_calibration_capture_set.yaml: Copied (new)
2026/08/04 15:23:57 INFO  : DGC/20260804_151503/station_id.yaml: Copied (new)
2026/08/04 15:23:57 INFO  : DCC/20260804_151503/dcc_capture.zip: Copied (new)
2026/08/04 15:23:57 INFO  : DGC/20260804_151503/stereo.textproto: Copied (new)
2026/08/04 15:23:57 INFO  : DCC/20260804_151503/dcc_config.json: Copied (new)
2026/08/04 15:23:57 INFO  : DCC/20260804_151503/dcc_uniformity_validation.zip: Copied (new)
2026/08/04 15:23:58 INFO  : DCC/20260804_151503/dcc_white_point.zip: Copied (new)
2026/08/04 15:24:28 INFO  : DGC/20260804_151503.zip: Copied (new)
2026/08/04 15:24:31 INFO  : DCC/20260804_151503/uniformity_validation/capture/image_capture_metadata.yaml: Copied (new)
2026/08/04 15:24:32 INFO  : DGC/20260804_151503/nominal_workflow_calibration/display_geometry_calibrator.log: Copied (new)
2026/08/04 15:24:32 INFO  : DGC/20260804_151503/nominal_workflow_calibration/display_profile.textproto: Copied (new)
2026/08/04 15:24:32 INFO  : DGC/20260804_151503/nominal_workflow_calibration/calibration_specs.yaml: Copied (new)
2026/08/04 15:24:36 INFO  : DCC/20260804_151503/autoexposure_debug/ae_right_iter_00_it_66664_max_36226.0.csv: Copied (new)
2026/08/04 15:24:36 INFO  : DCC/20260804_151503/whitepoint_ok2cal_capture.zip: Copied (new)
2026/08/04 15:24:37 INFO  : DCC/20260804_151503/high_freq_mura_capture/geometry/dataset.yaml: Copied (new)
2026/08/04 15:24:38 INFO  : DCC/20260804_151503/high_freq_mura_capture/geometry/image_capture_metadata.yaml: Copied (new)
2026/08/04 15:24:42 INFO  : DCC/20260804_151503/whitepoint_ok2cal/capture/right_irradiance.cal: Copied (new)
2026/08/04 15:24:42 INFO  : DCC/20260804_151503/whitepoint_ok2cal/capture/right_mask_scaling_factor.yaml: Copied (new)
2026/08/04 15:24:52 INFO  : DGC/20260804_151503/calibration_captures/left_0_0_0_right_0_0_0/right_grid_blue.png: Copied (new)
2026/08/04 15:24:52 INFO  : DGC/20260804_151503/calibration_captures/left_0_0_0_right_0_0_0/right_grid_green.png: Copied (new)
2026/08/04 15:24:54 INFO  : DGC/20260804_151503/calibration_captures/left_0_0_0_right_0_0_0/right_grid_red.png: Copied (new)
2026/08/04 15:24:54 INFO  : DCC/20260804_151503/capture/right_mask_scaling_factor.yaml: Copied (new)
2026/08/04 15:24:54 INFO  : DCC/20260804_151503/capture/right_irradiance.cal: Copied (new)
2026/08/04 15:24:56 INFO  : DGC/20260804_151503/calibration_captures/left_2_0_0_right_-2_0_0/right_grid_red.png: Copied (new)
2026/08/04 15:24:56 INFO  : DGC/20260804_151503/calibration_captures/left_2_0_0_right_-2_0_0/right_grid_blue.png: Copied (new)
2026/08/04 15:24:58 INFO  : DGC/20260804_151503/calibration_captures/left_2_0_0_right_-2_0_0/right_grid_green.png: Copied (new)
2026/08/04 15:24:58 INFO  : DCC/20260804_151503/high_freq_mura_capture/uniformity/uncorrected/image_capture_metadata.yaml: Copied (new)
2026/08/04 15:25:59 INFO  : DGC/20260804_151503/nominal_workflow_calibration/debug/side_right_channel_blue_depth_grid.csv: Copied (new)
2026/08/04 15:26:42 INFO  : DGC/20260804_151503/feature_detection/nominal_workflow_calibration/device_feature_set.textproto: Copied (new)
2026/08/04 15:26:42 INFO  : DCC/20260804_151503/white_point_calibration/corrected_rgb_primaries/macbeth20.png: Copied (new)
2026/08/04 15:26:42 INFO  : DCC/20260804_151503/white_point_calibration/corrected_rgb_primaries/green.png: Copied (new)
2026/08/04 15:26:42 INFO  : DCC/20260804_151503/white_point_calibration/corrected_rgb_primaries/red.png: Copied (new)
2026/08/04 15:26:42 INFO  : DCC/20260804_151503/white_point_calibration/corrected_rgb_primaries/blue.png: Copied (new)
2026/08/04 15:26:43 INFO  : DGC/20260804_151503/nominal_workflow_calibration/debug/side_right_channel_blue_display_pixel_depth_grid.csv: Copied (new)
2026/08/04 15:26:45 INFO  : DGC/20260804_151503/nominal_workflow_calibration/debug/side_right_channel_green_display_pixel_depth_grid.csv: Copied (new)
2026/08/04 15:26:45 INFO  : DGC/20260804_151503/feature_detection/nominal_workflow_calibration/feature_detection.log: Copied (new)
2026/08/04 15:26:45 INFO  : DGC/20260804_151503/nominal_workflow_calibration/debug/side_right_channel_green_depth_grid.csv: Copied (new)
2026/08/04 15:26:46 INFO  : DGC/20260804_151503/nominal_workflow_calibration/debug/side_right_channel_red_display_pixel_depth_grid.csv: Copied (new)
2026/08/04 15:26:50 INFO  : DCC/20260804_151503/white_point_calibration/corrected_rgb_primaries/white.png: Copied (new)
2026/08/04 15:26:50 INFO  : DCC/20260804_151503/white_point_calibration/corrected_rgb_primaries/macbeth22.png: Copied (new)
2026/08/04 15:26:50 INFO  : DGC/20260804_151503/nominal_workflow_calibration/debug/side_right_channel_red_depth_grid.csv: Copied (new)
2026/08/04 15:26:50 INFO  : DGC/20260804_151503/verification_assets/nominal_workflow_calibration/virtual_image_position.yaml: Copied (new)
2026/08/04 15:26:59 INFO  : DCC/20260804_151503/apply_color_cal/uniformity/062P0141_cal.hdf5: Copied (new)
2026/08/04 15:27:00 INFO  : DCC/20260804_151503/uniformity_validation/capture/green/right/right_white.png: Copied (new)
2026/08/04 15:27:31 INFO  : DCC/20260804_151503/uniformity_validation/capture/red/right/right_white.png: Copied (new)
2026/08/04 15:27:34 INFO  : DCC/20260804_151503/high_freq_mura_calibration/uniformity/right_correction_map.png: Copied (new)
2026/08/04 15:27:41 INFO  : DCC/20260804_151503/whitepoint_ok2cal/capture/device_metadata/red.yaml: Copied (new)
2026/08/04 15:27:41 INFO  : DCC/20260804_151503/whitepoint_ok2cal/capture/device_metadata/white.yaml: Copied (new)
2026/08/04 15:27:41 INFO  : DCC/20260804_151503/whitepoint_ok2cal/capture/device_metadata/green.yaml: Copied (new)
2026/08/04 15:27:41 INFO  : DCC/20260804_151503/whitepoint_ok2cal/capture/device_metadata/blue.yaml: Copied (new)
2026/08/04 15:27:42 INFO  : DCC/20260804_151503/high_freq_mura_calibration/uniformity/right_correction_map.tiff: Copied (new)
2026/08/04 15:27:43 INFO  : DCC/20260804_151503/uniformity_validation/capture/blue/right/right_white.png: Copied (new)
2026/08/04 15:27:44 INFO  : DCC/20260804_151503/white_point_calibration/correction/right/color_correction.textproto: Copied (new)
2026/08/04 15:27:47 INFO  : DCC/20260804_151503/white_point_calibration/correction/right/corrected_color.csv: Copied (new)
2026/08/04 15:27:54 INFO  : DCC/20260804_151503/uniformity_validation/capture/white/right/right_white.png: Copied (new)
2026/08/04 15:27:55 INFO  : DCC/20260804_151503/uniformity_validation/cropped/0/red_right_white.png: Copied (new)
2026/08/04 15:27:55 INFO  : DCC/20260804_151503/uniformity_validation/cropped/0/white_right_white.png: Copied (new)
2026/08/04 15:27:55 INFO  : DCC/20260804_151503/uniformity_validation/cropped/0/green_right_white.png: Copied (new)
2026/08/04 15:28:59 INFO  : DCC/20260804_151503/white_point_calibration/post_cal_capture/right_irradiance.cal: Copied (new)
2026/08/04 15:29:01 INFO  : DCC/20260804_151503/uniformity_validation/cropped/0/blue_right_white.png: Copied (new)
2026/08/04 15:29:02 INFO  : DCC/20260804_151503/whitepoint_ok2cal/capture/right/background.csv: Copied (new)
2026/08/04 15:29:35 INFO  : DCC/20260804_151503/whitepoint_ok2cal/capture/right/green.csv: Copied (new)
2026/08/04 15:29:38 INFO  : DCC/20260804_151503/whitepoint_ok2cal/capture/right/red.csv: Copied (new)
2026/08/04 15:29:43 INFO  : DCC/20260804_151503/whitepoint_ok2cal/capture/right/red.png: Copied (new)
2026/08/04 15:29:46 INFO  : DCC/20260804_151503/whitepoint_ok2cal/capture/right/white.csv: Copied (new)
2026/08/04 15:29:49 INFO  : DCC/20260804_151503/whitepoint_ok2cal/capture/right/white.png: Copied (new)
2026/08/04 15:29:52 INFO  : DCC/20260804_151503/whitepoint_ok2cal/capture/right/blue.csv: Copied (new)
2026/08/04 15:29:52 INFO  : DCC/20260804_151503/whitepoint_ok2cal/capture/right/background.png: Copied (new)
2026/08/04 15:29:52 INFO  : DCC/20260804_151503/whitepoint_ok2cal/capture/right/green.png: Copied (new)
2026/08/04 15:29:52 INFO  : DCC/20260804_151503/whitepoint_ok2cal/capture/right/background_peak_detection.png: Copied (new)
2026/08/04 15:29:52 INFO  : DCC/20260804_151503/whitepoint_ok2cal/capture/right/blue.png: Copied (new)
2026/08/04 15:29:53 INFO  : DCC/20260804_151503/white_point_calibration/post_cal_capture/right_mask_scaling_factor.yaml: Copied (new)
2026/08/04 15:29:56 INFO  : DCC/20260804_151503/capture/dcc_smoke_test/dcc_golden_spectra.yaml: Copied (new)
2026/08/04 15:30:02 INFO  : DCC/20260804_151503/capture/dcc_smoke_test/right_dcc_golden_spectra.png: Copied (new)
2026/08/04 15:30:02 INFO  : DCC/20260804_151503/capture/dcc_smoke_test/right_dcc_latest_spectra.png: Copied (new)
2026/08/04 16:48:39 NOTICE: gdrive{iWtD9}: This remote uses rclone's shared Google Drive client_id, which is being retired and will stop working during 2026. Create your own client_id to avoid interruption: https://rclone.org/drive/#making-your-own-client-id
2026/08/04 16:48:40 NOTICE: gdrive{iWtD9}: This remote uses rclone's shared Google Drive client_id, which is being retired and will stop working during 2026. Create your own client_id to avoid interruption: https://rclone.org/drive/#making-your-own-client-id
2026/08/04 16:48:41 INFO  : Google drive root 'S6A67340005M': Making directory
2026/08/04 16:48:44 NOTICE: gdrive{5SXnH}: This remote uses rclone's shared Google Drive client_id, which is being retired and will stop working during 2026. Create your own client_id to avoid interruption: https://rclone.org/drive/#making-your-own-client-id
2026/08/04 16:51:52 NOTICE: gdrive{iWtD9}: This remote uses rclone's shared Google Drive client_id, which is being retired and will stop working during 2026. Create your own client_id to avoid interruption: https://rclone.org/drive/#making-your-own-client-id
2026/08/04 16:51:53 NOTICE: gdrive{iWtD9}: This remote uses rclone's shared Google Drive client_id, which is being retired and will stop working during 2026. Create your own client_id to avoid interruption: https://rclone.org/drive/#making-your-own-client-id
2026/08/04 16:51:54 INFO  : Google drive root 'S6A67340005M': Making directory
2026/08/04 16:51:56 NOTICE: gdrive{5SXnH}: This remote uses rclone's shared Google Drive client_id, which is being retired and will stop working during 2026. Create your own client_id to avoid interruption: https://rclone.org/drive/#making-your-own-client-id
2026/08/04 16:52:39 INFO  : DCC/20260804_164149/dcc_config.json: Copied (new)
2026/08/04 16:52:47 INFO  : DGC/20260804_164149/stereo.textproto: Copied (new)
2026/08/04 16:52:47 INFO  : DGC/20260804_164149/station_id.yaml: Copied (new)
2026/08/04 16:52:47 INFO  : DCC/20260804_164149/dcc_uniformity.zip: Copied (new)
2026/08/04 16:52:47 INFO  : DGC/20260804_164149/nominal_workflow_calibration_capture_set.yaml: Copied (new)
2026/08/04 16:52:52 INFO  : DGC/20260804_164149/verification_assets/nominal_workflow_calibration/virtual_image_position.yaml: Copied (new)
2026/08/04 16:53:02 INFO  : DGC/20260804_164149/calibration_captures/left_2_0_0_right_-2_0_0/right_grid_green.png: Copied (new)
2026/08/04 16:53:41 INFO  : DGC/20260804_164149/feature_detection/nominal_workflow_calibration/feature_detection.log: Copied (new)
2026/08/04 16:53:41 INFO  : DGC/20260804_164149/feature_detection/nominal_workflow_calibration/device_feature_set.textproto: Copied (new)
2026/08/04 16:53:45 INFO  : DGC/20260804_164149/calibration_captures/left_0_0_0_right_0_0_0/right_grid_green.png: Copied (new)
2026/08/04 16:53:45 INFO  : DGC/20260804_164149/calibration_captures/left_0_0_0_right_0_0_0/right_grid_blue.png: Copied (new)
2026/08/04 16:53:48 INFO  : DGC/20260804_164149/nominal_workflow_calibration/calibration_specs.yaml: Copied (new)
2026/08/04 16:53:50 INFO  : DGC/20260804_164149/nominal_workflow_calibration/display_geometry_calibrator.log: Copied (new)
2026/08/04 16:53:52 INFO  : DCC/20260804_164149/high_freq_mura_capture/geometry/dataset.yaml: Copied (new)
2026/08/04 16:53:56 INFO  : DGC/20260804_164149/calibration_captures/left_0_0_0_right_0_0_0/right_grid_red.png: Copied (new)
2026/08/04 16:53:57 INFO  : DGC/20260804_164149/nominal_workflow_calibration/display_profile.textproto: Copied (new)
2026/08/04 16:53:58 INFO  : DGC/20260804_164149/verification_assets/nominal_workflow_calibration/left_0_0_0_right_0_0_0/undistorted_blue_calibu_4512x4512_80_80_11_16_1.png: Copied (new)
2026/08/04 16:53:58 INFO  : DGC/20260804_164149/verification_assets/nominal_workflow_calibration/left_0_0_0_right_0_0_0/undistorted_green_calibu_4512x4512_80_80_11_16_1.png: Copied (new)
2026/08/04 16:53:59 INFO  : DCC/20260804_164149/high_freq_mura_capture/geometry/image_capture_metadata.yaml: Copied (new)
2026/08/04 16:57:30 INFO  : DGC/20260804_164149/verification_assets/nominal_workflow_calibration/left_0_0_0_right_0_0_0/undistorted_red_calibu_4512x4512_80_80_11_16_1.png: Copied (new)
2026/08/04 16:57:31 INFO  : DGC/20260804_164149/nominal_workflow_calibration/debug/side_right_channel_green_display_pixel_depth_grid.csv: Copied (new)
2026/08/04 16:57:31 INFO  : DGC/20260804_164149/nominal_workflow_calibration/debug/side_right_channel_blue_depth_grid.csv: Copied (new)
2026/08/04 16:57:31 INFO  : DGC/20260804_164149/nominal_workflow_calibration/debug/side_right_channel_green_depth_grid.csv: Copied (new)
2026/08/04 16:57:31 INFO  : DGC/20260804_164149/nominal_workflow_calibration/debug/side_right_channel_blue_display_pixel_depth_grid.csv: Copied (new)
2026/08/04 16:57:34 INFO  : DGC/20260804_164149/nominal_workflow_calibration/debug/side_right_channel_red_depth_grid.csv: Copied (new)
2026/08/04 16:57:38 INFO  : DGC/20260804_164149/nominal_workflow_calibration/debug/side_right_channel_red_display_pixel_depth_grid.csv: Copied (new)
2026/08/04 16:57:39 INFO  : DGC/20260804_164149/feature_detection/nominal_workflow_calibration/debug/eyebox_-2_0_0_side_right_color_green/after_medianblur.png: Copied (new)
2026/08/04 16:57:48 INFO  : DGC/20260804_164149/feature_detection/nominal_workflow_calibration/debug/eyebox_0_0_0_side_right_color_green/after_medianblur.png: Copied (new)
2026/08/04 16:57:48 INFO  : DGC/20260804_164149/feature_detection/nominal_workflow_calibration/debug/eyebox_0_0_0_side_right_color_green/bfs.png: Copied (new)
2026/08/04 16:57:51 INFO  : DGC/20260804_164149/feature_detection/nominal_workflow_calibration/debug/eyebox_0_0_0_side_right_color_green/binary_img.png: Copied (new)
2026/08/04 16:57:52 INFO  : DGC/20260804_164149/feature_detection/nominal_workflow_calibration/debug/eyebox_0_0_0_side_right_color_green/detected_fiducials.png: Copied (new)
2026/08/04 16:57:54 INFO  : DGC/20260804_164149/feature_detection/nominal_workflow_calibration/debug/eyebox_-2_0_0_side_right_color_green/bfs.png: Copied (new)
2026/08/04 16:57:54 INFO  : DGC/20260804_164149/device_to_station_extrinsic_calibration/station_camera_captures/left_0_0_0_right_0_0_0/right_station.png: Copied (new)
2026/08/04 16:57:56 INFO  : DGC/20260804_164149/device_to_station_extrinsic_calibration/station_camera_captures/left_0_0_0_right_0_0_0/left_station.png: Copied (new)
2026/08/04 16:58:00 INFO  : DGC/20260804_164149/feature_detection/nominal_workflow_calibration/debug/eyebox_-2_0_0_side_right_color_green/binary_img.png: Copied (new)
2026/08/04 16:58:00 INFO  : DGC/20260804_164149/feature_detection/nominal_workflow_calibration/debug/eyebox_0_0_0_side_right_color_green/opened_img.png: Copied (new)
2026/08/04 16:58:01 INFO  : DGC/20260804_164149/feature_detection/nominal_workflow_calibration/debug/eyebox_0_0_0_side_right_color_green/input.png: Copied (new)
2026/08/04 16:58:02 INFO  : DGC/20260804_164149/feature_detection/nominal_workflow_calibration/debug/eyebox_0_0_0_side_right_color_green/labels1.svg: Copied (new)
2026/08/04 16:58:05 INFO  : DGC/20260804_164149/feature_detection/nominal_workflow_calibration/debug/eyebox_0_0_0_side_right_color_green/labels2.svg: Copied (new)
2026/08/04 17:09:28 NOTICE: gdrive{iWtD9}: This remote uses rclone's shared Google Drive client_id, which is being retired and will stop working during 2026. Create your own client_id to avoid interruption: https://rclone.org/drive/#making-your-own-client-id
2026/08/04 17:09:29 NOTICE: gdrive{iWtD9}: This remote uses rclone's shared Google Drive client_id, which is being retired and will stop working during 2026. Create your own client_id to avoid interruption: https://rclone.org/drive/#making-your-own-client-id
2026/08/04 17:09:29 INFO  : Google drive root 'S6A67340005M': Making directory
2026/08/04 17:09:29 NOTICE: gdrive{5SXnH}: This remote uses rclone's shared Google Drive client_id, which is being retired and will stop working during 2026. Create your own client_id to avoid interruption: https://rclone.org/drive/#making-your-own-client-id
2026/08/04 17:09:32 INFO  : DCC: Set directory modification time (using SetModTime)
2026/08/04 17:09:34 INFO  : DGC: Set directory modification time (using SetModTime)
2026/08/04 17:09:35 INFO  : DCC/20260804_164149: Set directory modification time (using SetModTime)
2026/08/04 17:09:36 INFO  : DGC/20260804_164149: Set directory modification time (using SetModTime)
2026/08/04 17:09:37 INFO  : DCC/20260804_164149/high_freq_mura_capture: Set directory modification time (using SetModTime)
2026/08/04 17:09:38 INFO  : DGC/20260804_164149/calibration_captures: Set directory modification time (using SetModTime)
2026/08/04 17:09:39 INFO  : DGC/20260804_164149/device_to_station_extrinsic_calibration: Set directory modification time (using SetModTime)
2026/08/04 17:09:39 INFO  : DCC/20260804_164149/high_freq_mura_capture/geometry: Set directory modification time (using SetModTime)
2026/08/04 17:09:40 INFO  : DGC/20260804_164149/feature_detection: Set directory modification time (using SetModTime)
2026/08/04 17:09:41 INFO  : DGC/20260804_164149/nominal_workflow_calibration: Set directory modification time (using SetModTime)
2026/08/04 17:09:42 INFO  : DGC/20260804_164149/verification_assets: Set directory modification time (using SetModTime)
2026/08/04 17:09:46 INFO  : DCC/20260804_164149/high_freq_mura_calibration/uniformity/right_correction_map.png: Copied (new)
2026/08/04 17:09:49 INFO  : DGC/20260804_164149/verification_assets/nominal_workflow_calibration: Set directory modification time (using SetModTime)
2026/08/04 17:09:49 INFO  : DGC/20260804_164149/device_to_station_extrinsic_calibration/station_camera_captures: Set directory modification time (using SetModTime)
2026/08/04 17:09:49 INFO  : DGC/20260804_164149/nominal_workflow_calibration/debug: Set directory modification time (using SetModTime)
2026/08/04 17:09:50 INFO  : DGC/20260804_164149/feature_detection/nominal_workflow_calibration: Set directory modification time (using SetModTime)
2026/08/04 17:09:51 INFO  : DGC/20260804_164149/calibration_captures/left_0_0_0_right_0_0_0: Set directory modification time (using SetModTime)
2026/08/04 17:09:52 INFO  : DGC/20260804_164149/calibration_captures/left_2_0_0_right_-2_0_0: Set directory modification time (using SetModTime)
2026/08/04 17:09:57 INFO  : DCC/20260804_164149/high_freq_mura_calibration/uniformity/uniformity_map/right/simulated_white_after_correction.png: Copied (new)
2026/08/04 17:09:59 INFO  : DCC/20260804_164149/high_freq_mura_calibration/uniformity/right_correction_map.tiff: Copied (new)
2026/08/04 17:09:59 INFO  : DCC/20260804_164149/high_freq_mura_calibration/uniformity/uniformity_map/right/correction_map.tiff: Copied (new)
2026/08/04 17:09:59 INFO  : DCC/20260804_164149/high_freq_mura_calibration/uniformity/uniformity_map/right/closed_loop_srgb_gamma_corrected/white.png: Copied (new)
2026/08/04 17:10:54 INFO  : DGC/20260804_164149/verification_assets/nominal_workflow_calibration/left_0_0_0_right_0_0_0: Set directory modification time (using SetModTime)
2026/08/04 17:10:55 INFO  : DGC/20260804_164149/device_to_station_extrinsic_calibration/station_camera_captures/left_0_0_0_right_0_0_0: Set directory modification time (using SetModTime)
2026/08/04 17:10:56 INFO  : DGC/20260804_164149/feature_detection/nominal_workflow_calibration/debug: Set directory modification time (using SetModTime)
2026/08/04 17:10:56 INFO  : DCC/20260804_164149/high_freq_mura_calibration/geometry/right/debug/find_center_dot/center_finding.png: Copied (new)
2026/08/04 17:22:58 NOTICE: gdrive{iWtD9}: This remote uses rclone's shared Google Drive client_id, which is being retired and will stop working during 2026. Create your own client_id to avoid interruption: https://rclone.org/drive/#making-your-own-client-id
2026/08/04 17:23:33 NOTICE: gdrive{iWtD9}: This remote uses rclone's shared Google Drive client_id, which is being retired and will stop working during 2026. Create your own client_id to avoid interruption: https://rclone.org/drive/#making-your-own-client-id
2026/08/04 17:23:33 INFO  : Google drive root 'S6A67340005M': Making directory
2026/08/04 17:23:34 NOTICE: gdrive{5SXnH}: This remote uses rclone's shared Google Drive client_id, which is being retired and will stop working during 2026. Create your own client_id to avoid interruption: https://rclone.org/drive/#making-your-own-client-id
2026/08/04 17:23:38 INFO  : DCC/20260804_164149/high_freq_mura_calibration: Set directory modification time (using SetModTime)
2026/08/04 17:23:46 INFO  : DCC/20260804_164149/high_freq_mura_calibration/geometry: Set directory modification time (using SetModTime)
2026/08/04 17:23:48 INFO  : DCC/20260804_164149/high_freq_mura_calibration/uniformity: Set directory modification time (using SetModTime)
2026/08/04 17:23:49 INFO  : DGC/20260804_164149/verification_captures/nominal/left_0_0_0_right_0_0_0/right_ver_green.png: Copied (new)
2026/08/04 17:23:51 INFO  : DGC/20260804_164149/verification_captures/nominal/left_0_0_0_right_0_0_0/right_ver_red.png: Copied (new)
2026/08/04 17:23:51 INFO  : DCC/20260804_164149/high_freq_mura_calibration/uniformity/uniformity_map: Set directory modification time (using SetModTime)
2026/08/04 17:23:51 INFO  : DCC/20260804_164149/high_freq_mura_calibration/geometry/right: Set directory modification time (using SetModTime)
2026/08/04 17:23:51 INFO  : DGC/20260804_164149/feature_detection/nominal_workflow_calibration/debug/eyebox_-2_0_0_side_right_color_green: Set directory modification time (using SetModTime)
2026/08/04 17:23:52 INFO  : DGC/20260804_164149/feature_detection/nominal_workflow_calibration/debug/eyebox_-2_0_0_side_right_color_red: Set directory modification time (using SetModTime)
2026/08/04 17:23:53 INFO  : DCC/20260804_164149/high_freq_mura_calibration/uniformity/uniformity_map/right: Set directory modification time (using SetModTime)
2026/08/04 17:23:53 INFO  : DCC/20260804_164149/high_freq_mura_calibration/geometry/right/debug: Set directory modification time (using SetModTime)
2026/08/04 17:23:54 INFO  : DGC/20260804_164149/feature_detection/nominal_workflow_calibration/debug/eyebox_0_0_0_side_right_color_green: Set directory modification time (using SetModTime)
2026/08/04 17:23:55 INFO  : DGC/20260804_164149/verification_captures/nominal/left_0_0_6_right_0_0_6/right_ver_blue.png: Copied (new)
2026/08/04 17:23:55 INFO  : DCC/20260804_164149/high_freq_mura_calibration/uniformity/uniformity_map/right/closed_loop_srgb_gamma_corrected: Set directory modification time (using SetModTime)
2026/08/04 17:23:55 INFO  : DCC/20260804_164149/high_freq_mura_calibration/geometry/right/debug/find_center_dot: Set directory modification time (using SetModTime)
2026/08/04 17:23:55 INFO  : DGC/20260804_164149/verification_captures/nominal/left_0_0_0_right_0_0_0/right_ver_blue.png: Copied (new)
2026/08/04 17:23:57 INFO  : DGC/20260804_164149/verification_captures/nominal/left_0_0_6_right_0_0_6/right_ver_green.png: Copied (new)
2026/08/04 17:23:58 INFO  : DGC/20260804_164149/verification_captures/nominal/left_0_0_3_right_0_0_3/right_ver_green.png: Copied (new)
2026/08/04 17:23:58 INFO  : DGC/20260804_164149/verification_captures/nominal/left_0_0_6_right_0_0_6/right_ver_red.png: Copied (new)
2026/08/04 17:24:01 INFO  : DGC/20260804_164149/verification_captures/nominal/left_0_0_3_right_0_0_3/right_ver_red.png: Copied (new)
2026/08/04 17:24:03 INFO  : DGC/20260804_164149/verification_captures/nominal/left_0_0_3_right_0_0_3/right_ver_blue.png: Copied (new)
2026/08/04 17:24:34 INFO  : DCC/20260804_164149/high_freq_mura_capture/uniformity/uncorrected/image_capture_metadata.yaml: Copied (new)
2026/08/04 17:24:36 INFO  : DGC/20260804_164149/verification_captures/nominal/left_-3_0_0_right_3_0_0/right_ver_blue.png: Copied (new)
2026/08/04 17:24:39 INFO  : DGC/20260804_164149/verification_captures/nominal/left_-3_0_0_right_3_0_0/right_ver_green.png: Copied (new)
2026/08/04 17:24:41 INFO  : DGC/20260804_164149.zip: Copied (new)
2026/08/04 17:24:42 INFO  : DGC/20260804_164149/verification_captures/nominal/left_-3_0_0_right_3_0_0/right_ver_red.png: Copied (new)
2026/08/04 17:24:46 INFO  : DCC/20260804_164149/high_freq_mura_capture/uniformity/uncorrected/blue/right/right_white.png: Copied (new)
2026/08/04 17:24:47 INFO  : DCC/20260804_164149/high_freq_mura_capture/uniformity/uncorrected/blue/right/right_white_sRGB.png: Copied (new)
2026/08/04 17:24:58 INFO  : DCC/20260804_164149/high_freq_mura_capture/uniformity/uncorrected/blue/right/right_white_XYZ.tiff: Copied (new)
2026/08/04 17:25:01 INFO  : DCC/20260804_164149/high_freq_mura_capture/uniformity/uncorrected/red/right/right_white_sRGB.png: Copied (new)
2026/08/04 17:27:51 NOTICE: gdrive{iWtD9}: This remote uses rclone's shared Google Drive client_id, which is being retired and will stop working during 2026. Create your own client_id to avoid interruption: https://rclone.org/drive/#making-your-own-client-id
2026/08/04 17:27:52 NOTICE: gdrive{iWtD9}: This remote uses rclone's shared Google Drive client_id, which is being retired and will stop working during 2026. Create your own client_id to avoid interruption: https://rclone.org/drive/#making-your-own-client-id
2026/08/04 17:27:53 INFO  : Google drive root 'S6A67340005M': Making directory
2026/08/04 17:27:53 NOTICE: gdrive{5SXnH}: This remote uses rclone's shared Google Drive client_id, which is being retired and will stop working during 2026. Create your own client_id to avoid interruption: https://rclone.org/drive/#making-your-own-client-id
2026/08/04 17:27:57 INFO  : DGC/20260804_164149/verification_captures: Set directory modification time (using SetModTime)
2026/08/04 17:27:57 INFO  : DCC/20260804_164149/high_freq_mura_capture/uniformity: Set directory modification time (using SetModTime)
2026/08/04 17:27:58 INFO  : DGC/20260804_164149/verification_captures/nominal: Set directory modification time (using SetModTime)
2026/08/04 17:27:59 INFO  : DCC/20260804_164149/high_freq_mura_capture/uniformity/uncorrected: Set directory modification time (using SetModTime)
2026/08/04 17:28:40 INFO  : DGC/20260804_164149/verification_captures/nominal/left_-3_0_0_right_3_0_0: Set directory modification time (using SetModTime)
2026/08/04 17:28:40 INFO  : DCC/20260804_164149/high_freq_mura_capture/uniformity/uncorrected/blue: Set directory modification time (using SetModTime)
2026/08/04 17:28:42 INFO  : DCC/20260804_164149/high_freq_mura_capture/uniformity/uncorrected/green: Set directory modification time (using SetModTime)
2026/08/04 17:28:42 INFO  : DGC/20260804_164149/verification_captures/nominal/left_0_0_0_right_0_0_0: Set directory modification time (using SetModTime)
2026/08/04 17:28:43 INFO  : DCC/20260804_164149/high_freq_mura_capture/uniformity/uncorrected/red: Set directory modification time (using SetModTime)
2026/08/04 17:28:43 INFO  : DGC/20260804_164149/verification_captures/nominal/left_0_0_3_right_0_0_3: Set directory modification time (using SetModTime)
2026/08/04 17:28:44 INFO  : DGC/20260804_164149/verification_captures/nominal/left_0_0_6_right_0_0_6: Set directory modification time (using SetModTime)
2026/08/04 17:28:45 INFO  : DGC/20260804_164149/verification_captures/nominal/left_2_0_0_right_-2_0_0: Set directory modification time (using SetModTime)
2026/08/04 17:29:29 INFO  : DCC/20260804_164149/high_freq_mura_capture/uniformity/uncorrected/green/right: Set directory modification time (using SetModTime)
2026/08/04 17:29:29 INFO  : DCC/20260804_164149/high_freq_mura_capture/uniformity/uncorrected/red/right: Set directory modification time (using SetModTime)
2026/08/04 17:29:29 INFO  : DCC/20260804_164149/high_freq_mura_capture/uniformity/uncorrected/blue/right: Set directory modification time (using SetModTime)
2026/08/04 17:29:31 INFO  : DCC/20260804_164149/high_freq_mura_calibration/uniformity/uniformity_map/right/closed_loop_linear_gamma/white.png: Copied (new)
2026/08/04 17:29:35 INFO  : DGC/20260804_164149/calibration_captures/left_2_0_0_right_-2_0_0/right_grid_blue.png: Copied (new)
2026/08/04 17:29:39 INFO  : DCC/20260804_164149/high_freq_mura_capture/geometry/red/right/right_coarse.png: Copied (new)
2026/08/04 17:29:42 INFO  : DCC/20260804_164149/high_freq_mura_capture/geometry/red/right/right_l1_fine.png: Copied (new)
2026/08/04 17:29:43 INFO  : DCC/20260804_164149/high_freq_mura_capture/geometry/red/right/right_l2_fine.png: Copied (new)
2026/08/04 17:29:49 INFO  : DCC/20260804_164149/high_freq_mura_capture/geometry/green/right/right_coarse.png: Copied (new)
2026/08/04 17:29:51 INFO  : DCC/20260804_164149/high_freq_mura_capture/geometry/green/right/right_l1_fine.png: Copied (new)
2026/08/04 17:29:52 INFO  : DCC/20260804_164149/high_freq_mura_calibration/geometry/right/debug/coarse_green/debug_image.png: Copied (new)
2026/08/04 17:29:54 INFO  : DCC/20260804_164149/high_freq_mura_capture/geometry/green/right/right_l2_fine.png: Copied (new)
2026/08/04 17:29:57 INFO  : DCC/20260804_164149/high_freq_mura_calibration/geometry/right/debug/coarse_blue/debug_image.png: Copied (new)
2026/08/04 17:29:59 INFO  : DCC/20260804_164149/high_freq_mura_calibration/geometry/right/debug/coarse_red/debug_image.png: Copied (new)
2026/08/04 17:30:03 INFO  : DCC/20260804_164149/high_freq_mura_calibration/geometry/right/debug/find_drawable_region/1_threshold.png: Copied (new)
2026/08/04 17:32:25 NOTICE: gdrive{iWtD9}: This remote uses rclone's shared Google Drive client_id, which is being retired and will stop working during 2026. Create your own client_id to avoid interruption: https://rclone.org/drive/#making-your-own-client-id
2026/08/04 17:32:26 NOTICE: gdrive{iWtD9}: This remote uses rclone's shared Google Drive client_id, which is being retired and will stop working during 2026. Create your own client_id to avoid interruption: https://rclone.org/drive/#making-your-own-client-id
2026/08/04 17:32:27 INFO  : Google drive root 'S6A67340005M': Making directory
2026/08/04 17:32:29 NOTICE: gdrive{5SXnH}: This remote uses rclone's shared Google Drive client_id, which is being retired and will stop working during 2026. Create your own client_id to avoid interruption: https://rclone.org/drive/#making-your-own-client-id
2026/08/04 17:32:44 INFO  : DCC/20260804_164149/dcc_config.json: Copied (new)
2026/08/04 17:32:46 INFO  : DCC/20260804_164149/dcc_uniformity.zip: Copied (new)
2026/08/04 17:32:46 INFO  : DGC/20260804_164149/station_id.yaml: Copied (new)
2026/08/04 17:32:46 INFO  : DGC/20260804_164149/nominal_workflow_calibration_capture_set.yaml: Copied (new)
2026/08/04 17:32:48 INFO  : DGC/20260804_164149/stereo.textproto: Copied (new)
2026/08/04 17:32:48 INFO  : DGC/20260804_164149/nominal_workflow_calibration/calibration_specs.yaml: Copied (new)
2026/08/04 17:32:48 INFO  : DGC/20260804_164149/nominal_workflow_calibration/display_geometry_calibrator.log: Copied (new)
2026/08/04 17:32:53 INFO  : DGC/20260804_164149/verification_assets/nominal_workflow_calibration/virtual_image_position.yaml: Copied (new)
2026/08/04 17:32:54 INFO  : DGC/20260804_164149/nominal_workflow_calibration/display_profile.textproto: Copied (new)
2026/08/04 17:32:58 INFO  : DGC/20260804_164149/nominal_workflow_calibration/debug/side_right_channel_green_depth_grid.csv: Copied (new)
2026/08/04 17:32:58 INFO  : DGC/20260804_164149/nominal_workflow_calibration/debug/side_right_channel_red_depth_grid.csv: Copied (new)
2026/08/04 17:32:58 INFO  : DGC/20260804_164149/nominal_workflow_calibration/debug/side_right_channel_green_display_pixel_depth_grid.csv: Copied (new)
2026/08/04 17:32:59 INFO  : DGC/20260804_164149/nominal_workflow_calibration/debug/side_right_channel_blue_depth_grid.csv: Copied (new)
2026/08/04 17:32:59 INFO  : DGC/20260804_164149/nominal_workflow_calibration/debug/side_right_channel_blue_display_pixel_depth_grid.csv: Copied (new)
2026/08/04 17:33:03 INFO  : DGC/20260804_164149/nominal_workflow_calibration/debug/side_right_channel_red_display_pixel_depth_grid.csv: Copied (new)
2026/08/04 17:33:35 INFO  : DCC/20260804_164149/high_freq_mura_capture/geometry/dataset.yaml: Copied (new)
2026/08/04 17:33:36 INFO  : DCC/20260804_164149/high_freq_mura_capture/geometry/image_capture_metadata.yaml: Copied (new)
2026/08/04 17:33:39 INFO  : DCC/20260804_164149/high_freq_mura_calibration/uniformity/right_correction_map.tiff: Copied (new)
2026/08/04 17:33:41 INFO  : DGC/20260804_164149/feature_detection/nominal_workflow_calibration/feature_detection.log: Copied (new)
2026/08/04 17:33:41 INFO  : DGC/20260804_164149/feature_detection/nominal_workflow_calibration/device_feature_set.textproto: Copied (new)
2026/08/04 17:33:43 INFO  : DCC/20260804_164149/high_freq_mura_calibration/uniformity/right_correction_map.png: Copied (new)
2026/08/04 17:33:43 INFO  : DGC/20260804_164149/verification_assets/nominal_workflow_calibration/left_0_0_0_right_0_0_0/undistorted_blue_calibu_4512x4512_80_80_11_16_1.png: Copied (new)
2026/08/04 17:33:48 INFO  : DGC/20260804_164149/verification_assets/nominal_workflow_calibration/left_0_0_0_right_0_0_0/undistorted_green_calibu_4512x4512_80_80_11_16_1.png: Copied (new)
2026/08/04 17:33:48 INFO  : DGC/20260804_164149/verification_assets/nominal_workflow_calibration/left_0_0_0_right_0_0_0/undistorted_red_calibu_4512x4512_80_80_11_16_1.png: Copied (new)
2026/08/04 17:33:55 INFO  : DGC/20260804_164149/calibration_captures/left_0_0_0_right_0_0_0/right_grid_green.png: Copied (new)
2026/08/04 17:33:56 INFO  : DGC/20260804_164149/calibration_captures/left_0_0_0_right_0_0_0/right_grid_blue.png: Copied (new)
2026/08/04 17:33:58 INFO  : DGC/20260804_164149.zip: Copied (new)
2026/08/04 17:36:42 NOTICE: gdrive{iWtD9}: This remote uses rclone's shared Google Drive client_id, which is being retired and will stop working during 2026. Create your own client_id to avoid interruption: https://rclone.org/drive/#making-your-own-client-id
2026/08/04 17:36:43 NOTICE: gdrive{iWtD9}: This remote uses rclone's shared Google Drive client_id, which is being retired and will stop working during 2026. Create your own client_id to avoid interruption: https://rclone.org/drive/#making-your-own-client-id
2026/08/04 17:36:44 INFO  : Google drive root 'S6A67340005M': Making directory
2026/08/04 17:36:44 NOTICE: gdrive{5SXnH}: This remote uses rclone's shared Google Drive client_id, which is being retired and will stop working during 2026. Create your own client_id to avoid interruption: https://rclone.org/drive/#making-your-own-client-id
2026/08/04 17:36:46 INFO  : DCC: Set directory modification time (using SetModTime)
2026/08/04 17:36:48 INFO  : DGC: Set directory modification time (using SetModTime)
2026/08/04 17:36:49 INFO  : DGC/20260804_164149: Set directory modification time (using SetModTime)
2026/08/04 17:36:50 INFO  : DCC/20260804_164149: Set directory modification time (using SetModTime)
2026/08/04 17:36:51 INFO  : DGC/20260804_164149/calibration_captures: Set directory modification time (using SetModTime)
2026/08/04 17:36:53 INFO  : DGC/20260804_164149/feature_detection: Set directory modification time (using SetModTime)
2026/08/04 17:36:53 INFO  : DCC/20260804_164149/high_freq_mura_calibration: Set directory modification time (using SetModTime)
2026/08/04 17:36:54 INFO  : DCC/20260804_164149/high_freq_mura_capture: Set directory modification time (using SetModTime)
2026/08/04 17:36:55 INFO  : DGC/20260804_164149/nominal_workflow_calibration: Set directory modification time (using SetModTime)
2026/08/04 17:36:56 INFO  : DGC/20260804_164149/verification_assets: Set directory modification time (using SetModTime)
2026/08/04 17:36:56 INFO  : DCC/20260804_164149/high_freq_mura_capture/geometry: Set directory modification time (using SetModTime)
2026/08/04 17:36:57 INFO  : DCC/20260804_164149/high_freq_mura_capture/uniformity: Set directory modification time (using SetModTime)
2026/08/04 17:36:57 INFO  : DCC/20260804_164149/high_freq_mura_calibration/geometry: Set directory modification time (using SetModTime)
2026/08/04 17:36:58 INFO  : DGC/20260804_164149/calibration_captures/left_0_0_0_right_0_0_0: Set directory modification time (using SetModTime)
2026/08/04 17:36:58 INFO  : DGC/20260804_164149/verification_assets/nominal_workflow_calibration: Set directory modification time (using SetModTime)
2026/08/04 17:36:58 INFO  : DGC/20260804_164149/feature_detection/nominal_workflow_calibration: Set directory modification time (using SetModTime)
2026/08/04 17:36:58 INFO  : DGC/20260804_164149/nominal_workflow_calibration/debug: Set directory modification time (using SetModTime)
2026/08/04 17:36:58 INFO  : DCC/20260804_164149/high_freq_mura_calibration/uniformity: Set directory modification time (using SetModTime)
2026/08/04 17:37:45 INFO  : DGC/20260804_164149/verification_captures/nominal/left_-3_0_0_right_3_0_0/right_ver_green.png: Copied (new)
2026/08/04 17:37:55 INFO  : DGC/20260804_164149/verification_assets/nominal_workflow_calibration/left_0_0_0_right_0_0_0: Set directory modification time (using SetModTime)
2026/08/04 17:37:55 INFO  : DCC/20260804_164149/high_freq_mura_calibration/geometry/right: Set directory modification time (using SetModTime)
2026/08/04 17:37:56 INFO  : DCC/20260804_164149/high_freq_mura_capture/uniformity/uncorrected: Set directory modification time (using SetModTime)
2026/08/04 17:38:02 INFO  : DGC/20260804_164149/verification_captures/nominal/left_-3_0_0_right_3_0_0/right_ver_red.png: Copied (new)
2026/08/04 17:38:03 INFO  : DGC/20260804_164149/verification_captures/nominal/left_-3_0_0_right_3_0_0/right_ver_blue.png: Copied (new)
2026/08/04 18:47:51 NOTICE: gdrive{iWtD9}: This remote uses rclone's shared Google Drive client_id, which is being retired and will stop working during 2026. Create your own client_id to avoid interruption: https://rclone.org/drive/#making-your-own-client-id
2026/08/04 18:47:52 NOTICE: gdrive{iWtD9}: This remote uses rclone's shared Google Drive client_id, which is being retired and will stop working during 2026. Create your own client_id to avoid interruption: https://rclone.org/drive/#making-your-own-client-id
2026/08/04 18:47:53 INFO  : Google drive root 'S6A67340005M': Making directory
2026/08/04 18:47:56 NOTICE: gdrive{5SXnH}: This remote uses rclone's shared Google Drive client_id, which is being retired and will stop working during 2026. Create your own client_id to avoid interruption: https://rclone.org/drive/#making-your-own-client-id
2026/08/04 19:41:59 NOTICE: gdrive{iWtD9}: This remote uses rclone's shared Google Drive client_id, which is being retired and will stop working during 2026. Create your own client_id to avoid interruption: https://rclone.org/drive/#making-your-own-client-id
2026/08/04 19:42:00 NOTICE: gdrive{iWtD9}: This remote uses rclone's shared Google Drive client_id, which is being retired and will stop working during 2026. Create your own client_id to avoid interruption: https://rclone.org/drive/#making-your-own-client-id
2026/08/04 19:42:35 INFO  : Google drive root 'S6A67340005M': Making directory
2026/08/04 19:42:38 NOTICE: gdrive{5SXnH}: This remote uses rclone's shared Google Drive client_id, which is being retired and will stop working during 2026. Create your own client_id to avoid interruption: https://rclone.org/drive/#making-your-own-client-id
2026/08/04 19:42:43 INFO  : Robocal/log_file_20260804_184712.log: Copied (new)
2026/08/04 20:51:30 NOTICE: gdrive{iWtD9}: This remote uses rclone's shared Google Drive client_id, which is being retired and will stop working during 2026. Create your own client_id to avoid interruption: https://rclone.org/drive/#making-your-own-client-id
2026/08/04 20:51:31 NOTICE: gdrive{iWtD9}: This remote uses rclone's shared Google Drive client_id, which is being retired and will stop working during 2026. Create your own client_id to avoid interruption: https://rclone.org/drive/#making-your-own-client-id
2026/08/04 20:51:32 INFO  : Google drive root 'S6A67340005M': Making directory
2026/08/04 20:51:32 NOTICE: gdrive{iWtD9}: This remote uses rclone's shared Google Drive client_id, which is being retired and will stop working during 2026. Create your own client_id to avoid interruption: https://rclone.org/drive/#making-your-own-client-id
2026/08/04 20:51:35 NOTICE: gdrive{iWtD9}: This remote uses rclone's shared Google Drive client_id, which is being retired and will stop working during 2026. Create your own client_id to avoid interruption: https://rclone.org/drive/#making-your-own-client-id
2026/08/04 20:51:38 INFO  : Google drive root 'S6A67340005M/Robocal/DGC': Making directory
2026/08/04 20:51:40 NOTICE: gdrive{iWtD9}: This remote uses rclone's shared Google Drive client_id, which is being retired and will stop working during 2026. Create your own client_id to avoid interruption: https://rclone.org/drive/#making-your-own-client-id
2026/08/04 20:51:42 NOTICE: gdrive{iWtD9}: This remote uses rclone's shared Google Drive client_id, which is being retired and will stop working during 2026. Create your own client_id to avoid interruption: https://rclone.org/drive/#making-your-own-client-id
2026/08/04 20:51:44 INFO  : Google drive root 'S6A67340005M/Robocal/DGC': Server side directory move failed - fallback to file moves: can't copy directory - destination already exists
2026/08/04 20:51:44 INFO  : There was nothing to transfer
2026/08/04 20:51:44 INFO  : 
Transferred:   	          0 B / 0 B, -, 0 B/s, ETA -
Elapsed time:         0.4s

2026/08/04 20:51:44 NOTICE: gdrive{iWtD9}: This remote uses rclone's shared Google Drive client_id, which is being retired and will stop working during 2026. Create your own client_id to avoid interruption: https://rclone.org/drive/#making-your-own-client-id
2026/08/04 20:51:45 INFO  : Google drive root 'S6A67340005M/DGC': Removing directory
2026/08/04 20:51:47 ERROR : Attempt 1/3 failed with 1 errors and: googleapi: Error 403: The user does not have sufficient permissions for this file., insufficientFilePermissions
2026/08/04 20:51:47 INFO  : Google drive root 'S6A67340005M/DGC': Removing directory
2026/08/04 20:51:49 ERROR : Attempt 2/3 failed with 1 errors and: googleapi: Error 403: The user does not have sufficient permissions for this file., insufficientFilePermissions
2026/08/04 20:51:49 INFO  : Google drive root 'S6A67340005M/DGC': Removing directory
2026/08/04 20:51:50 ERROR : Attempt 3/3 failed with 1 errors and: googleapi: Error 403: The user does not have sufficient permissions for this file., insufficientFilePermissions
2026/08/04 20:51:50 NOTICE: Failed to rmdir: googleapi: Error 403: The user does not have sufficient permissions for this file., insufficientFilePermissions
2026/08/04 20:51:50 NOTICE: gdrive{iWtD9}: This remote uses rclone's shared Google Drive client_id, which is being retired and will stop working during 2026. Create your own client_id to avoid interruption: https://rclone.org/drive/#making-your-own-client-id
2026/08/04 20:51:55 ERROR : error listing: directory not found
2026/08/04 20:51:55 NOTICE: Failed to lsf with 2 errors: last error was: error in ListJSON: directory not found
2026/08/04 20:51:55 NOTICE: gdrive{5SXnH}: This remote uses rclone's shared Google Drive client_id, which is being retired and will stop working during 2026. Create your own client_id to avoid interruption: https://rclone.org/drive/#making-your-own-client-id
2026/08/04 20:51:57 INFO  : Robocal: Set directory modification time (using SetModTime)
2026/08/04 20:52:01 INFO  : Robocal/log_file_20260804_205037.log: Copied (new)
2026/08/04 20:52:35 INFO  : Robocal: Set directory modification time (using SetModTime)
2026/08/04 20:52:35 INFO  : 
Transferred:   	   25.254 KiB / 25.254 KiB, 100%, 12.625 KiB/s, ETA 0s
Checks:                 0 / 0, -, Listed 6
Transferred:            1 / 1, 100%
Elapsed time:        39.7s

2026/08/04 21:10:41 NOTICE: gdrive{iWtD9}: This remote uses rclone's shared Google Drive client_id, which is being retired and will stop working during 2026. Create your own client_id to avoid interruption: https://rclone.org/drive/#making-your-own-client-id
2026/08/04 21:10:42 NOTICE: gdrive{iWtD9}: This remote uses rclone's shared Google Drive client_id, which is being retired and will stop working during 2026. Create your own client_id to avoid interruption: https://rclone.org/drive/#making-your-own-client-id
2026/08/04 21:10:43 INFO  : Google drive root 'S6A67340005M': Making directory
2026/08/04 21:10:49 NOTICE: gdrive{iWtD9}: This remote uses rclone's shared Google Drive client_id, which is being retired and will stop working during 2026. Create your own client_id to avoid interruption: https://rclone.org/drive/#making-your-own-client-id
2026/08/04 21:10:52 ERROR : error listing: directory not found
2026/08/04 21:10:52 NOTICE: Failed to lsf with 2 errors: last error was: error in ListJSON: directory not found
2026/08/04 21:10:52 NOTICE: gdrive{iWtD9}: This remote uses rclone's shared Google Drive client_id, which is being retired and will stop working during 2026. Create your own client_id to avoid interruption: https://rclone.org/drive/#making-your-own-client-id
2026/08/04 21:10:55 ERROR : error listing: directory not found
2026/08/04 21:10:55 NOTICE: Failed to lsf with 2 errors: last error was: error in ListJSON: directory not found
2026/08/04 21:10:55 NOTICE: gdrive{5SXnH}: This remote uses rclone's shared Google Drive client_id, which is being retired and will stop working during 2026. Create your own client_id to avoid interruption: https://rclone.org/drive/#making-your-own-client-id
2026/08/04 21:11:47 INFO  : Robocal/DGC/20260804_210056/stereo.textproto: Copied (new)
2026/08/04 21:11:48 INFO  : Robocal/DGC/20260804_210056/station_id.yaml: Copied (new)
2026/08/04 21:11:48 INFO  : Robocal/DGC/20260804_210056/nominal_workflow_calibration_capture_set.yaml: Copied (new)
2026/08/04 21:11:53 INFO  : Robocal/log_file_20260804_205037.log: Copied (new)
2026/08/04 21:11:53 INFO  : Robocal/log_file_20260804_210056.log: Copied (new)
2026/08/04 21:11:58 INFO  : Robocal/DGC/20260804_210056/verification_captures/nominal/left_0_0_0_right_0_0_0/right_ver_blue.png: Copied (new)
2026/08/04 21:11:59 INFO  : Robocal/DGC/20260804_210056/verification_captures/nominal/left_0_0_0_right_0_0_0/right_ver_green.png: Copied (new)
2026/08/04 21:12:01 INFO  : Robocal/DGC/20260804_210056/verification_captures/nominal/left_0_0_3_right_0_0_3/right_ver_green.png: Copied (new)
2026/08/04 21:12:03 INFO  : Robocal/DGC/20260804_210056/verification_captures/nominal/left_0_0_3_right_0_0_3/right_ver_blue.png: Copied (new)
2026/08/04 21:12:08 INFO  : Robocal/DGC/20260804_210056/verification_captures/nominal/left_0_0_0_right_0_0_0/right_ver_red.png: Copied (new)
2026/08/04 21:12:26 INFO  : Robocal/DGC/20260804_210056.zip: Copied (new)
2026/08/04 21:12:30 INFO  : Robocal/DGC/20260804_210056/verification_captures/nominal/left_2_0_0_right_-2_0_0/right_ver_blue.png: Copied (new)
2026/08/04 21:12:35 INFO  : Robocal/DGC/20260804_210056/verification_captures/nominal/left_2_0_0_right_-2_0_0/right_ver_red.png: Copied (new)
2026/08/04 21:12:37 INFO  : Robocal/DGC/20260804_210056/verification_captures/nominal/left_2_0_0_right_-2_0_0/right_ver_green.png: Copied (new)
2026/08/04 21:12:37 INFO  : Robocal/DGC/20260804_210056/verification_captures/nominal/left_-3_0_0_right_3_0_0/right_ver_blue.png: Copied (new)
2026/08/04 21:12:38 INFO  : Robocal/DGC/20260804_210056/verification_captures/nominal/left_-3_0_0_right_3_0_0/right_ver_green.png: Copied (new)
2026/08/04 21:12:42 INFO  : Robocal/DGC/20260804_210056/verification_captures/nominal/left_-3_0_0_right_3_0_0/right_ver_red.png: Copied (new)
2026/08/04 21:12:44 INFO  : Robocal/DGC/20260804_210056/nominal_workflow_calibration/display_profile.textproto: Copied (new)
2026/08/04 21:12:44 INFO  : Robocal/DGC/20260804_210056/nominal_workflow_calibration/calibration_specs.yaml: Copied (new)
2026/08/04 21:12:44 INFO  : Robocal/DGC/20260804_210056/nominal_workflow_calibration/display_geometry_calibrator.log: Copied (new)
2026/08/04 21:12:49 INFO  : Robocal/DGC/20260804_210056/feature_detection/nominal_workflow_calibration/device_feature_set.textproto: Copied (new)
2026/08/04 21:12:57 INFO  : Robocal/DGC/20260804_210056/feature_detection/nominal_workflow_calibration/feature_detection.log: Copied (new)
2026/08/04 21:15:54 INFO  : Robocal/DGC/20260804_210056/calibration_captures/left_0_0_0_right_0_0_0/right_grid_blue.png: Copied (new)
2026/08/04 21:15:54 INFO  : Robocal/DGC/20260804_210056/calibration_captures/left_0_0_0_right_0_0_0/right_grid_green.png: Copied (new)
2026/08/04 21:15:56 INFO  : Robocal/DGC/20260804_210056/device_to_station_extrinsic_calibration/station_camera_captures/left_0_0_0_right_0_0_0/right_station.png: Copied (new)
2026/08/04 21:16:03 INFO  : Robocal/DGC/20260804_210056/calibration_captures/left_2_0_0_right_-2_0_0/right_grid_blue.png: Copied (new)
2026/08/05 01:47:00 NOTICE: gdrive{iWtD9}: This remote uses rclone's shared Google Drive client_id, which is being retired and will stop working during 2026. Create your own client_id to avoid interruption: https://rclone.org/drive/#making-your-own-client-id
2026/08/05 01:47:01 NOTICE: gdrive{iWtD9}: This remote uses rclone's shared Google Drive client_id, which is being retired and will stop working during 2026. Create your own client_id to avoid interruption: https://rclone.org/drive/#making-your-own-client-id
2026/08/05 01:47:36 INFO  : Google drive root 'S6A67340005M': Making directory
2026/08/05 01:47:51 NOTICE: gdrive{hcGEi}: This remote uses rclone's shared Google Drive client_id, which is being retired and will stop working during 2026. Create your own client_id to avoid interruption: https://rclone.org/drive/#making-your-own-client-id
2026/08/05 01:56:46 INFO  : S6A67340005M_Robocal_32241_5957.zip: Copied (new) to: Robocal.zip
2026/08/05 01:56:46 INFO  : 
Transferred:   	    9.734 GiB / 9.734 GiB, 100%, 36.402 MiB/s, ETA 0s
Transferred:            1 / 1, 100%
Elapsed time:      8m53.4s

2026/08/05 02:02:08 NOTICE: gdrive{iWtD9}: This remote uses rclone's shared Google Drive client_id, which is being retired and will stop working during 2026. Create your own client_id to avoid interruption: https://rclone.org/drive/#making-your-own-client-id
2026/08/05 02:02:26 NOTICE: gdrive{iWtD9}: This remote uses rclone's shared Google Drive client_id, which is being retired and will stop working during 2026. Create your own client_id to avoid interruption: https://rclone.org/drive/#making-your-own-client-id
2026/08/05 02:02:27 INFO  : Google drive root 'S6A67340005M': Making directory
2026/08/05 02:02:42 DEBUG : rclone: Version "v1.75.0" starting with parameters ["rclone" "copyto" "D:\\logs\\.upload-temp\\S6A67340005M_Robocal_4742_17145.zip" "gdrive:S6A67340005M/Robocal.zip" "--drive-root-folder-id" "1VuN9N7JXBBuHByXVgUjm1jEw18wSW_N6" "--progress" "--stats" "30s" "--drive-chunk-size" "64M" "--contimeout" "30s" "--timeout" "15m" "--retries" "1" "--low-level-retries" "3" "--log-file" "D:\\ML_PostProcess\\ML_PostProcess_1.00a_20260804\\Tools\\logs\\rclone-upload-S6A67340005M.log" "--log-level" "DEBUG"]
2026/08/05 02:02:42 DEBUG : Creating backend with remote "D:\\logs\\.upload-temp\\S6A67340005M_Robocal_4742_17145.zip"
2026/08/05 02:02:42 DEBUG : Using config file from "C:\\Users\\User\\AppData\\Roaming\\rclone\\rclone.conf"
2026/08/05 02:02:42 DEBUG : fs cache: renaming child cache item "D:\\logs\\.upload-temp\\S6A67340005M_Robocal_4742_17145.zip" to be canonical for parent "//?/D:/logs/.upload-temp"
2026/08/05 02:02:42 DEBUG : Creating backend with remote "gdrive:S6A67340005M/"
2026/08/05 02:02:42 DEBUG : gdrive: detected overridden config - adding "{hcGEi}" suffix to name
2026/08/05 02:02:42 NOTICE: gdrive{hcGEi}: This remote uses rclone's shared Google Drive client_id, which is being retired and will stop working during 2026. Create your own client_id to avoid interruption: https://rclone.org/drive/#making-your-own-client-id
2026/08/05 02:02:43 DEBUG : fs cache: renaming cache item "gdrive:S6A67340005M/" to be canonical "gdrive{hcGEi}:S6A67340005M"
2026/08/05 02:02:43 DEBUG : pacer: low level retry 1/3 (error googleapi: Error 403: Quota exceeded for quota metric 'Queries' and limit 'Queries per minute' of service 'drive.googleapis.com' for consumer 'project_number:202264815644'.
Details:
[
  {
    "@type": "type.googleapis.com/google.rpc.ErrorInfo",
    "domain": "googleapis.com",
    "metadata": {
      "consumer": "projects/202264815644",
      "quota_limit": "defaultPerMinutePerProject",
      "quota_limit_value": "840000",
      "quota_location": "global",
      "quota_metric": "drive.googleapis.com/default",
      "quota_unit": "1/min/{project}",
      "service": "drive.googleapis.com"
    },
    "reason": "RATE_LIMIT_EXCEEDED"
  },
  {
    "@type": "type.googleapis.com/google.rpc.Help",
    "links": [
      {
        "description": "Request a higher quota limit.",
        "url": "https://cloud.google.com/docs/quotas/help/request_increase"
      }
    ]
  }
]
, rateLimitExceeded)
2026/08/05 02:02:43 DEBUG : pacer: Rate limited, increasing sleep to 1.663155585s
2026/08/05 02:02:43 DEBUG : pacer: low level retry 2/3 (error googleapi: Error 403: Quota exceeded for quota metric 'Queries' and limit 'Queries per minute' of service 'drive.googleapis.com' for consumer 'project_number:202264815644'.
Details:
[
  {
    "@type": "type.googleapis.com/google.rpc.ErrorInfo",
    "domain": "googleapis.com",
    "metadata": {
      "consumer": "projects/202264815644",
      "quota_limit": "defaultPerMinutePerProject",
      "quota_limit_value": "840000",
      "quota_location": "global",
      "quota_metric": "drive.googleapis.com/default",
      "quota_unit": "1/min/{project}",
      "service": "drive.googleapis.com"
    },
    "reason": "RATE_LIMIT_EXCEEDED"
  },
  {
    "@type": "type.googleapis.com/google.rpc.Help",
    "links": [
      {
        "description": "Request a higher quota limit.",
        "url": "https://cloud.google.com/docs/quotas/help/request_increase"
      }
    ]
  }
]
, rateLimitExceeded)
2026/08/05 02:02:43 DEBUG : pacer: Rate limited, increasing sleep to 2.162105292s
2026/08/05 02:02:45 DEBUG : pacer: Reducing sleep to 0s
2026/08/05 02:02:45 DEBUG : S6A67340005M_Robocal_4742_17145.zip: Need to transfer - File not found at Destination
2026/08/05 02:02:46 DEBUG : Robocal.zip: Sending chunk 0 length 67108864
2026/08/05 02:02:48 DEBUG : Robocal.zip: Sending chunk 67108864 length 67108864
2026/08/05 02:02:50 DEBUG : Robocal.zip: Sending chunk 134217728 length 67108864
2026/08/05 02:02:51 DEBUG : Robocal.zip: Sending chunk 201326592 length 67108864
2026/08/05 02:02:53 DEBUG : Robocal.zip: Sending chunk 268435456 length 67108864
2026/08/05 02:02:54 DEBUG : Robocal.zip: Sending chunk 335544320 length 67108864
2026/08/05 02:02:56 DEBUG : Robocal.zip: Sending chunk 402653184 length 67108864
2026/08/05 02:02:58 DEBUG : Robocal.zip: Sending chunk 469762048 length 67108864
2026/08/05 02:02:59 DEBUG : Robocal.zip: Sending chunk 536870912 length 67108864
2026/08/05 02:03:01 DEBUG : Robocal.zip: Sending chunk 603979776 length 67108864
2026/08/05 02:03:03 DEBUG : Robocal.zip: Sending chunk 671088640 length 67108864
2026/08/05 02:03:04 DEBUG : Robocal.zip: Sending chunk 738197504 length 67108864
2026/08/05 02:03:06 DEBUG : Robocal.zip: Sending chunk 805306368 length 67108864
2026/08/05 02:03:07 DEBUG : Robocal.zip: Sending chunk 872415232 length 67108864
2026/08/05 02:03:09 DEBUG : Robocal.zip: Sending chunk 939524096 length 67108864
2026/08/05 02:03:10 DEBUG : Robocal.zip: Sending chunk 1006632960 length 67108864
2026/08/05 02:03:12 DEBUG : Robocal.zip: Sending chunk 1073741824 length 67108864
2026/08/05 02:03:13 DEBUG : Robocal.zip: Sending chunk 1140850688 length 67108864
2026/08/05 02:03:14 DEBUG : Robocal.zip: Sending chunk 1207959552 length 67108864
2026/08/05 02:03:16 DEBUG : Robocal.zip: Sending chunk 1275068416 length 67108864
2026/08/05 02:03:18 DEBUG : Robocal.zip: Sending chunk 1342177280 length 67108864
2026/08/05 02:03:19 DEBUG : Robocal.zip: Sending chunk 1409286144 length 67108864
2026/08/05 02:03:21 DEBUG : Robocal.zip: Sending chunk 1476395008 length 67108864
2026/08/05 02:03:23 DEBUG : Robocal.zip: Sending chunk 1543503872 length 67108864
2026/08/05 02:03:24 DEBUG : Robocal.zip: Sending chunk 1610612736 length 67108864
2026/08/05 02:03:26 DEBUG : Robocal.zip: Sending chunk 1677721600 length 67108864
2026/08/05 02:03:28 DEBUG : Robocal.zip: Sending chunk 1744830464 length 67108864
2026/08/05 02:03:30 DEBUG : Robocal.zip: Sending chunk 1811939328 length 67108864
2026/08/05 02:03:32 DEBUG : Robocal.zip: Sending chunk 1879048192 length 67108864
2026/08/05 02:03:33 DEBUG : Robocal.zip: Sending chunk 1946157056 length 67108864
2026/08/05 02:03:35 DEBUG : Robocal.zip: Sending chunk 2013265920 length 67108864
2026/08/05 02:03:36 DEBUG : Robocal.zip: Sending chunk 2080374784 length 67108864
2026/08/05 02:03:38 DEBUG : Robocal.zip: Sending chunk 2147483648 length 67108864
2026/08/05 02:03:40 DEBUG : Robocal.zip: Sending chunk 2214592512 length 67108864
2026/08/05 02:03:41 DEBUG : Robocal.zip: Sending chunk 2281701376 length 67108864
2026/08/05 02:03:43 DEBUG : Robocal.zip: Sending chunk 2348810240 length 67108864
2026/08/05 02:03:45 DEBUG : Robocal.zip: Sending chunk 2415919104 length 67108864
2026/08/05 02:03:46 DEBUG : Robocal.zip: Sending chunk 2483027968 length 67108864
2026/08/05 02:03:48 DEBUG : Robocal.zip: Sending chunk 2550136832 length 67108864
2026/08/05 02:03:49 DEBUG : Robocal.zip: Sending chunk 2617245696 length 67108864
2026/08/05 02:03:51 DEBUG : Robocal.zip: Sending chunk 2684354560 length 67108864
2026/08/05 02:03:53 DEBUG : Robocal.zip: Sending chunk 2751463424 length 67108864
2026/08/05 02:03:54 DEBUG : Robocal.zip: Sending chunk 2818572288 length 67108864
2026/08/05 02:03:56 DEBUG : Robocal.zip: Sending chunk 2885681152 length 67108864
2026/08/05 02:03:58 DEBUG : Robocal.zip: Sending chunk 2952790016 length 67108864
2026/08/05 02:04:00 DEBUG : Robocal.zip: Sending chunk 3019898880 length 67108864
2026/08/05 02:04:02 DEBUG : Robocal.zip: Sending chunk 3087007744 length 67108864
2026/08/05 02:04:03 DEBUG : Robocal.zip: Sending chunk 3154116608 length 67108864
2026/08/05 02:04:05 DEBUG : Robocal.zip: Sending chunk 3221225472 length 67108864
2026/08/05 02:04:06 DEBUG : Robocal.zip: Sending chunk 3288334336 length 67108864
2026/08/05 02:04:08 DEBUG : Robocal.zip: Sending chunk 3355443200 length 67108864
2026/08/05 02:04:09 DEBUG : Robocal.zip: Sending chunk 3422552064 length 67108864
2026/08/05 02:04:10 DEBUG : Robocal.zip: Sending chunk 3489660928 length 67108864
2026/08/05 02:04:12 DEBUG : Robocal.zip: Sending chunk 3556769792 length 67108864
2026/08/05 02:04:14 DEBUG : Robocal.zip: Sending chunk 3623878656 length 67108864
2026/08/05 02:04:15 DEBUG : Robocal.zip: Sending chunk 3690987520 length 67108864
2026/08/05 02:04:17 DEBUG : Robocal.zip: Sending chunk 3758096384 length 67108864
2026/08/05 02:04:18 DEBUG : Robocal.zip: Sending chunk 3825205248 length 67108864
2026/08/05 02:04:20 DEBUG : Robocal.zip: Sending chunk 3892314112 length 67108864
2026/08/05 02:04:22 DEBUG : Robocal.zip: Sending chunk 3959422976 length 67108864
2026/08/05 02:04:23 DEBUG : Robocal.zip: Sending chunk 4026531840 length 67108864
2026/08/05 02:04:25 DEBUG : Robocal.zip: Sending chunk 4093640704 length 67108864
2026/08/05 02:04:27 DEBUG : Robocal.zip: Sending chunk 4160749568 length 67108864
2026/08/05 02:04:29 DEBUG : Robocal.zip: Sending chunk 4227858432 length 67108864
2026/08/05 02:04:30 DEBUG : Robocal.zip: Sending chunk 4294967296 length 67108864
2026/08/05 02:04:32 DEBUG : Robocal.zip: Sending chunk 4362076160 length 67108864
2026/08/05 02:04:33 DEBUG : Robocal.zip: Sending chunk 4429185024 length 67108864
2026/08/05 02:04:35 DEBUG : Robocal.zip: Sending chunk 4496293888 length 67108864
2026/08/05 02:04:36 DEBUG : Robocal.zip: Sending chunk 4563402752 length 67108864
2026/08/05 02:04:38 DEBUG : Robocal.zip: Sending chunk 4630511616 length 67108864
2026/08/05 02:04:40 DEBUG : Robocal.zip: Sending chunk 4697620480 length 67108864
2026/08/05 02:04:41 DEBUG : Robocal.zip: Sending chunk 4764729344 length 67108864
2026/08/05 02:04:43 DEBUG : Robocal.zip: Sending chunk 4831838208 length 67108864
2026/08/05 02:04:44 DEBUG : Robocal.zip: Sending chunk 4898947072 length 67108864
2026/08/05 02:04:46 DEBUG : Robocal.zip: Sending chunk 4966055936 length 67108864
2026/08/05 02:04:48 DEBUG : Robocal.zip: Sending chunk 5033164800 length 67108864
2026/08/05 02:04:50 DEBUG : Robocal.zip: Sending chunk 5100273664 length 67108864
2026/08/05 02:04:51 DEBUG : Robocal.zip: Sending chunk 5167382528 length 58354405
2026/08/05 02:04:55 DEBUG : Robocal.zip: size = 5225736933 OK
2026/08/05 02:04:55 DEBUG : S6A67340005M_Robocal_4742_17145.zip: md5 = 9920db6af80e2689511d05a624334b99 OK
2026/08/05 02:04:55 INFO  : S6A67340005M_Robocal_4742_17145.zip: Copied (new) to: Robocal.zip
2026/08/05 02:04:55 INFO  : 
Transferred:   	    4.867 GiB / 4.867 GiB, 100%, 33.342 MiB/s, ETA 0s
Transferred:            1 / 1, 100%
Elapsed time:      2m10.2s

2026/08/05 02:04:55 DEBUG : 3 go routines active
2026/08/05 02:04:56 NOTICE: gdrive{hcGEi}: This remote uses rclone's shared Google Drive client_id, which is being retired and will stop working during 2026. Create your own client_id to avoid interruption: https://rclone.org/drive/#making-your-own-client-id
2026/08/05 02:04:56 INFO  : There was nothing to transfer
2026/08/05 02:04:56 INFO  : 
Transferred:   	          0 B / 0 B, -, 0 B/s, ETA -
Checks:                 0 / 0, -, Listed 1
Elapsed time:         0.0s

2026/08/07 17:28:54 NOTICE: gdrive{iWtD9}: This remote uses rclone's shared Google Drive client_id, which is being retired and will stop working during 2026. Create your own client_id to avoid interruption: https://rclone.org/drive/#making-your-own-client-id
2026/08/07 17:28:55 NOTICE: gdrive{iWtD9}: This remote uses rclone's shared Google Drive client_id, which is being retired and will stop working during 2026. Create your own client_id to avoid interruption: https://rclone.org/drive/#making-your-own-client-id
2026/08/07 17:28:57 INFO  : Google drive root '20260807/S6A67340005M': Making directory
2026/08/07 17:29:08 DEBUG : rclone: Version "v1.75.0" starting with parameters ["rclone" "copyto" "C:\\logs\\.upload-temp\\S6A67340005M_PostProcess_28850_11805.zip" "gdrive:20260807/S6A67340005M/PostProcess.zip" "--drive-root-folder-id" "1VuN9N7JXBBuHByXVgUjm1jEw18wSW_N6" "--progress" "--stats" "30s" "--drive-chunk-size" "64M" "--contimeout" "30s" "--timeout" "15m" "--retries" "1" "--low-level-retries" "3" "--log-file" "C:\\ML_PostProcess\\ML_PostProcess_1.00a_20260804\\Tools\\logs\\rclone-upload-S6A67340005M.log" "--log-level" "DEBUG"]
2026/08/07 17:29:08 DEBUG : Creating backend with remote "C:\\logs\\.upload-temp\\S6A67340005M_PostProcess_28850_11805.zip"
2026/08/07 17:29:08 DEBUG : Using config file from "C:\\Users\\TEST\\AppData\\Roaming\\rclone\\rclone.conf"
2026/08/07 17:29:08 DEBUG : fs cache: renaming child cache item "C:\\logs\\.upload-temp\\S6A67340005M_PostProcess_28850_11805.zip" to be canonical for parent "//?/C:/logs/.upload-temp"
2026/08/07 17:29:08 DEBUG : Creating backend with remote "gdrive:20260807/S6A67340005M/"
2026/08/07 17:29:08 DEBUG : gdrive: detected overridden config - adding "{hcGEi}" suffix to name
2026/08/07 17:29:08 NOTICE: gdrive{hcGEi}: This remote uses rclone's shared Google Drive client_id, which is being retired and will stop working during 2026. Create your own client_id to avoid interruption: https://rclone.org/drive/#making-your-own-client-id
2026/08/07 17:29:08 DEBUG : pacer: low level retry 1/3 (error googleapi: Error 403: Quota exceeded for quota metric 'Queries' and limit 'Queries per minute' of service 'drive.googleapis.com' for consumer 'project_number:202264815644'.
Details:
[
  {
    "@type": "type.googleapis.com/google.rpc.ErrorInfo",
    "domain": "googleapis.com",
    "metadata": {
      "consumer": "projects/202264815644",
      "quota_limit": "defaultPerMinutePerProject",
      "quota_limit_value": "840000",
      "quota_location": "global",
      "quota_metric": "drive.googleapis.com/default",
      "quota_unit": "1/min/{project}",
      "service": "drive.googleapis.com"
    },
    "reason": "RATE_LIMIT_EXCEEDED"
  },
  {
    "@type": "type.googleapis.com/google.rpc.Help",
    "links": [
      {
        "description": "Request a higher quota limit.",
        "url": "https://cloud.google.com/docs/quotas/help/request_increase"
      }
    ]
  }
]
, rateLimitExceeded)
2026/08/07 17:29:08 DEBUG : pacer: Rate limited, increasing sleep to 1.855173805s
2026/08/07 17:29:08 DEBUG : pacer: low level retry 2/3 (error googleapi: Error 403: Quota exceeded for quota metric 'Queries' and limit 'Queries per minute' of service 'drive.googleapis.com' for consumer 'project_number:202264815644'.
Details:
[
  {
    "@type": "type.googleapis.com/google.rpc.ErrorInfo",
    "domain": "googleapis.com",
    "metadata": {
      "consumer": "projects/202264815644",
      "quota_limit": "defaultPerMinutePerProject",
      "quota_limit_value": "840000",
      "quota_location": "global",
      "quota_metric": "drive.googleapis.com/default",
      "quota_unit": "1/min/{project}",
      "service": "drive.googleapis.com"
    },
    "reason": "RATE_LIMIT_EXCEEDED"
  },
  {
    "@type": "type.googleapis.com/google.rpc.Help",
    "links": [
      {
        "description": "Request a higher quota limit.",
        "url": "https://cloud.google.com/docs/quotas/help/request_increase"
      }
    ]
  }
]
, rateLimitExceeded)
2026/08/07 17:29:08 DEBUG : pacer: Rate limited, increasing sleep to 2.834455216s
2026/08/07 17:29:10 DEBUG : pacer: low level retry 3/3 (error googleapi: Error 403: Quota exceeded for quota metric 'Queries' and limit 'Queries per minute' of service 'drive.googleapis.com' for consumer 'project_number:202264815644'.
Details:
[
  {
    "@type": "type.googleapis.com/google.rpc.ErrorInfo",
    "domain": "googleapis.com",
    "metadata": {
      "consumer": "projects/202264815644",
      "quota_limit": "defaultPerMinutePerProject",
      "quota_limit_value": "840000",
      "quota_location": "global",
      "quota_metric": "drive.googleapis.com/default",
      "quota_unit": "1/min/{project}",
      "service": "drive.googleapis.com"
    },
    "reason": "RATE_LIMIT_EXCEEDED"
  },
  {
    "@type": "type.googleapis.com/google.rpc.Help",
    "links": [
      {
        "description": "Request a higher quota limit.",
        "url": "https://cloud.google.com/docs/quotas/help/request_increase"
      }
    ]
  }
]
, rateLimitExceeded)
2026/08/07 17:29:10 DEBUG : pacer: Rate limited, increasing sleep to 4.347040429s
2026/08/07 17:29:13 DEBUG : pacer: low level retry 1/3 (error googleapi: Error 403: Quota exceeded for quota metric 'Queries' and limit 'Queries per minute' of service 'drive.googleapis.com' for consumer 'project_number:202264815644'.
Details:
[
  {
    "@type": "type.googleapis.com/google.rpc.ErrorInfo",
    "domain": "googleapis.com",
    "metadata": {
      "consumer": "projects/202264815644",
      "quota_limit": "defaultPerMinutePerProject",
      "quota_limit_value": "840000",
      "quota_location": "global",
      "quota_metric": "drive.googleapis.com/default",
      "quota_unit": "1/min/{project}",
      "service": "drive.googleapis.com"
    },
    "reason": "RATE_LIMIT_EXCEEDED"
  },
  {
    "@type": "type.googleapis.com/google.rpc.Help",
    "links": [
      {
        "description": "Request a higher quota limit.",
        "url": "https://cloud.google.com/docs/quotas/help/request_increase"
      }
    ]
  }
]
, rateLimitExceeded)
2026/08/07 17:29:13 DEBUG : pacer: Rate limited, increasing sleep to 8.767898439s
2026/08/07 17:29:17 DEBUG : pacer: low level retry 2/3 (error googleapi: Error 403: Quota exceeded for quota metric 'Queries' and limit 'Queries per minute' of service 'drive.googleapis.com' for consumer 'project_number:202264815644'.
Details:
[
  {
    "@type": "type.googleapis.com/google.rpc.ErrorInfo",
    "domain": "googleapis.com",
    "metadata": {
      "consumer": "projects/202264815644",
      "quota_limit": "defaultPerMinutePerProject",
      "quota_limit_value": "840000",
      "quota_location": "global",
      "quota_metric": "drive.googleapis.com/default",
      "quota_unit": "1/min/{project}",
      "service": "drive.googleapis.com"
    },
    "reason": "RATE_LIMIT_EXCEEDED"
  },
  {
    "@type": "type.googleapis.com/google.rpc.Help",
    "links": [
      {
        "description": "Request a higher quota limit.",
        "url": "https://cloud.google.com/docs/quotas/help/request_increase"
      }
    ]
  }
]
, rateLimitExceeded)
2026/08/07 17:29:17 DEBUG : pacer: Rate limited, increasing sleep to 16.927317359s
2026/08/07 17:29:27 DEBUG : pacer: Reducing sleep to 0s
2026/08/07 17:29:27 DEBUG : fs cache: renaming cache item "gdrive:20260807/S6A67340005M/" to be canonical "gdrive{hcGEi}:20260807/S6A67340005M"
2026/08/07 17:29:29 DEBUG : S6A67340005M_PostProcess_28850_11805.zip: Need to transfer - File not found at Destination
2026/08/07 17:29:31 DEBUG : PostProcess.zip: Sending chunk 0 length 67108864
2026/08/07 17:29:36 DEBUG : PostProcess.zip: Sending chunk 67108864 length 67108864
2026/08/07 17:29:42 DEBUG : PostProcess.zip: Sending chunk 134217728 length 67108864
2026/08/07 17:30:00 DEBUG : PostProcess.zip: Sending chunk 201326592 length 67108864
2026/08/07 17:30:12 DEBUG : PostProcess.zip: Sending chunk 268435456 length 67108864
2026/08/07 17:30:23 DEBUG : PostProcess.zip: Sending chunk 335544320 length 67108864
2026/08/07 17:30:41 DEBUG : PostProcess.zip: Sending chunk 402653184 length 67108864
2026/08/07 17:30:58 DEBUG : PostProcess.zip: Sending chunk 469762048 length 67108864
2026/08/07 17:31:13 DEBUG : PostProcess.zip: Sending chunk 536870912 length 67108864
2026/08/07 17:31:23 DEBUG : PostProcess.zip: Sending chunk 603979776 length 67108864
2026/08/07 17:31:30 DEBUG : PostProcess.zip: Sending chunk 671088640 length 67108864
2026/08/07 17:31:37 DEBUG : PostProcess.zip: Sending chunk 738197504 length 67108864
2026/08/07 17:31:45 DEBUG : PostProcess.zip: Sending chunk 805306368 length 67108864
2026/08/07 17:31:51 DEBUG : PostProcess.zip: Sending chunk 872415232 length 67108864
2026/08/07 17:31:58 DEBUG : PostProcess.zip: Sending chunk 939524096 length 67108864
2026/08/07 17:32:06 DEBUG : PostProcess.zip: Sending chunk 1006632960 length 67108864
2026/08/07 17:32:14 DEBUG : PostProcess.zip: Sending chunk 1073741824 length 67108864
2026/08/07 17:32:21 DEBUG : PostProcess.zip: Sending chunk 1140850688 length 67108864
2026/08/07 17:32:26 DEBUG : PostProcess.zip: Sending chunk 1207959552 length 67108864
2026/08/07 17:32:32 DEBUG : PostProcess.zip: Sending chunk 1275068416 length 67108864
2026/08/07 17:32:37 DEBUG : PostProcess.zip: Sending chunk 1342177280 length 67108864
2026/08/07 17:32:43 DEBUG : PostProcess.zip: Sending chunk 1409286144 length 67108864
2026/08/07 17:32:49 DEBUG : PostProcess.zip: Sending chunk 1476395008 length 67108864
2026/08/07 17:32:53 DEBUG : PostProcess.zip: Sending chunk 1543503872 length 67108864
2026/08/07 17:32:56 DEBUG : PostProcess.zip: Sending chunk 1610612736 length 67108864
2026/08/07 17:33:01 DEBUG : PostProcess.zip: Sending chunk 1677721600 length 67108864
2026/08/07 17:33:07 DEBUG : PostProcess.zip: Sending chunk 1744830464 length 67108864
2026/08/07 17:33:15 DEBUG : PostProcess.zip: Sending chunk 1811939328 length 67108864
2026/08/07 17:33:21 DEBUG : PostProcess.zip: Sending chunk 1879048192 length 67108864
2026/08/07 17:33:26 DEBUG : PostProcess.zip: Sending chunk 1946157056 length 67108864
2026/08/07 17:33:31 DEBUG : PostProcess.zip: Sending chunk 2013265920 length 67108864
2026/08/07 17:33:38 DEBUG : PostProcess.zip: Sending chunk 2080374784 length 67108864
2026/08/07 17:33:44 DEBUG : PostProcess.zip: Sending chunk 2147483648 length 67108864
2026/08/07 17:33:54 DEBUG : PostProcess.zip: Sending chunk 2214592512 length 67108864
2026/08/07 17:34:02 DEBUG : PostProcess.zip: Sending chunk 2281701376 length 67108864
2026/08/07 17:34:07 DEBUG : PostProcess.zip: Sending chunk 2348810240 length 67108864
2026/08/07 17:34:15 DEBUG : PostProcess.zip: Sending chunk 2415919104 length 67108864
2026/08/07 17:34:22 DEBUG : PostProcess.zip: Sending chunk 2483027968 length 67108864
2026/08/07 17:34:26 DEBUG : PostProcess.zip: Sending chunk 2550136832 length 67108864
2026/08/07 17:34:35 DEBUG : PostProcess.zip: Sending chunk 2617245696 length 67108864
2026/08/07 17:34:41 DEBUG : PostProcess.zip: Sending chunk 2684354560 length 67108864
2026/08/07 17:34:47 DEBUG : PostProcess.zip: Sending chunk 2751463424 length 67108864
2026/08/07 17:34:51 DEBUG : PostProcess.zip: Sending chunk 2818572288 length 47549894
2026/08/07 17:34:56 DEBUG : PostProcess.zip: size = 2866122182 OK
2026/08/07 17:34:56 DEBUG : S6A67340005M_PostProcess_28850_11805.zip: md5 = 209f14d8889b322226518a01b34b1dfc OK
2026/08/07 17:34:56 INFO  : S6A67340005M_PostProcess_28850_11805.zip: Copied (new) to: PostProcess.zip
2026/08/07 17:34:56 INFO  : 
Transferred:   	    2.669 GiB / 2.669 GiB, 100%, 10.581 MiB/s, ETA 0s
Transferred:            1 / 1, 100%
Elapsed time:      5m27.5s

2026/08/07 17:34:56 DEBUG : 3 go routines active
2026/08/07 17:34:57 NOTICE: gdrive{hcGEi}: This remote uses rclone's shared Google Drive client_id, which is being retired and will stop working during 2026. Create your own client_id to avoid interruption: https://rclone.org/drive/#making-your-own-client-id
2026/08/07 17:35:33 INFO  : There was nothing to transfer
2026/08/07 17:35:33 INFO  : 
Transferred:   	          0 B / 0 B, -, 0 B/s, ETA -
Checks:                 0 / 0, -, Listed 1
Elapsed time:         0.0s

2026/08/07 19:05:12 INFO  : Google drive root '20260807/S6A67340005M': Making directory
2026/08/07 19:05:26 DEBUG : rclone: Version "v1.75.0" starting with parameters ["rclone" "copyto" "C:\\logs\\.upload-temp\\S6A67340005M_PostProcess_14941_21260.zip" "gdrive:20260807/S6A67340005M/PostProcess.zip" "--drive-root-folder-id" "1VuN9N7JXBBuHByXVgUjm1jEw18wSW_N6" "--progress" "--stats" "30s" "--drive-chunk-size" "64M" "--contimeout" "30s" "--timeout" "15m" "--retries" "1" "--low-level-retries" "3" "--log-file" "C:\\ML_PostProcess\\ML_PostProcess_1.00a_20260804\\Tools\\logs\\rclone-upload-S6A67340005M.log" "--log-level" "DEBUG"]
2026/08/07 19:05:26 DEBUG : Creating backend with remote "C:\\logs\\.upload-temp\\S6A67340005M_PostProcess_14941_21260.zip"
2026/08/07 19:05:26 DEBUG : Using config file from "C:\\Users\\TEST\\AppData\\Roaming\\rclone\\rclone.conf"
2026/08/07 19:05:26 DEBUG : fs cache: renaming child cache item "C:\\logs\\.upload-temp\\S6A67340005M_PostProcess_14941_21260.zip" to be canonical for parent "//?/C:/logs/.upload-temp"
2026/08/07 19:05:26 DEBUG : Creating backend with remote "gdrive:20260807/S6A67340005M/"
2026/08/07 19:05:26 DEBUG : gdrive: detected overridden config - adding "{hcGEi}" suffix to name
2026/08/07 19:05:28 DEBUG : fs cache: renaming cache item "gdrive:20260807/S6A67340005M/" to be canonical "gdrive{hcGEi}:20260807/S6A67340005M"
2026/08/07 19:05:28 DEBUG : S6A67340005M_PostProcess_14941_21260.zip: Need to transfer - File not found at Destination
2026/08/07 19:05:30 DEBUG : PostProcess.zip: Sending chunk 0 length 67108864
2026/08/07 19:05:34 DEBUG : PostProcess.zip: Sending chunk 67108864 length 67108864
2026/08/07 19:05:37 DEBUG : PostProcess.zip: Sending chunk 134217728 length 67108864
2026/08/07 19:06:33 DEBUG : PostProcess.zip: Sending chunk 201326592 length 67108864
2026/08/07 19:06:35 DEBUG : PostProcess.zip: Sending chunk 268435456 length 67108864
2026/08/07 19:06:38 DEBUG : PostProcess.zip: Sending chunk 335544320 length 67108864
2026/08/07 19:06:40 DEBUG : PostProcess.zip: Sending chunk 402653184 length 67108864
2026/08/07 19:06:43 DEBUG : PostProcess.zip: Sending chunk 469762048 length 67108864
2026/08/07 19:06:46 DEBUG : PostProcess.zip: Sending chunk 536870912 length 67108864
2026/08/07 19:06:48 DEBUG : PostProcess.zip: Sending chunk 603979776 length 67108864
2026/08/07 19:06:51 DEBUG : PostProcess.zip: Sending chunk 671088640 length 67108864
2026/08/07 19:06:54 DEBUG : PostProcess.zip: Sending chunk 738197504 length 67108864
2026/08/07 19:06:56 DEBUG : PostProcess.zip: Sending chunk 805306368 length 67108864
2026/08/07 19:06:59 DEBUG : PostProcess.zip: Sending chunk 872415232 length 67108864
2026/08/07 19:07:02 DEBUG : PostProcess.zip: Sending chunk 939524096 length 67108864
2026/08/07 19:07:05 DEBUG : PostProcess.zip: Sending chunk 1006632960 length 67108864
2026/08/07 19:07:07 DEBUG : PostProcess.zip: Sending chunk 1073741824 length 67108864
2026/08/07 19:07:10 DEBUG : PostProcess.zip: Sending chunk 1140850688 length 67108864
2026/08/07 19:07:14 DEBUG : PostProcess.zip: Sending chunk 1207959552 length 67108864
2026/08/07 19:07:17 DEBUG : PostProcess.zip: Sending chunk 1275068416 length 67108864
2026/08/07 19:07:20 DEBUG : PostProcess.zip: Sending chunk 1342177280 length 67108864
2026/08/07 19:07:24 DEBUG : PostProcess.zip: Sending chunk 1409286144 length 67108864
2026/08/07 19:07:27 DEBUG : PostProcess.zip: Sending chunk 1476395008 length 67108864
2026/08/07 19:07:31 DEBUG : PostProcess.zip: Sending chunk 1543503872 length 67108864
2026/08/07 19:07:34 DEBUG : PostProcess.zip: Sending chunk 1610612736 length 67108864
2026/08/07 19:07:37 DEBUG : PostProcess.zip: Sending chunk 1677721600 length 67108864
2026/08/07 19:07:40 DEBUG : PostProcess.zip: Sending chunk 1744830464 length 67108864
2026/08/07 19:07:42 DEBUG : PostProcess.zip: Sending chunk 1811939328 length 67108864
2026/08/07 19:07:45 DEBUG : PostProcess.zip: Sending chunk 1879048192 length 67108864
2026/08/07 19:07:48 DEBUG : PostProcess.zip: Sending chunk 1946157056 length 67108864
2026/08/07 19:07:50 DEBUG : PostProcess.zip: Sending chunk 2013265920 length 67108864
2026/08/07 19:07:53 DEBUG : PostProcess.zip: Sending chunk 2080374784 length 67108864
2026/08/07 19:07:56 DEBUG : PostProcess.zip: Sending chunk 2147483648 length 67108864
2026/08/07 19:07:59 DEBUG : PostProcess.zip: Sending chunk 2214592512 length 67108864
2026/08/07 19:08:02 DEBUG : PostProcess.zip: Sending chunk 2281701376 length 67108864
2026/08/07 19:08:06 DEBUG : PostProcess.zip: Sending chunk 2348810240 length 67108864
2026/08/07 19:08:08 DEBUG : PostProcess.zip: Sending chunk 2415919104 length 67108864
2026/08/07 19:08:11 DEBUG : PostProcess.zip: Sending chunk 2483027968 length 67108864
2026/08/07 19:08:14 DEBUG : PostProcess.zip: Sending chunk 2550136832 length 67108864
2026/08/07 19:08:17 DEBUG : PostProcess.zip: Sending chunk 2617245696 length 67108864
2026/08/07 19:08:19 DEBUG : PostProcess.zip: Sending chunk 2684354560 length 67108864
2026/08/07 19:08:22 DEBUG : PostProcess.zip: Sending chunk 2751463424 length 67108864
2026/08/07 19:08:25 DEBUG : PostProcess.zip: Sending chunk 2818572288 length 67108864
2026/08/07 19:08:27 DEBUG : PostProcess.zip: Sending chunk 2885681152 length 67108864
2026/08/07 19:08:29 DEBUG : PostProcess.zip: Sending chunk 2952790016 length 67108864
2026/08/07 19:08:31 DEBUG : PostProcess.zip: Sending chunk 3019898880 length 67108864
2026/08/07 19:08:33 DEBUG : PostProcess.zip: Sending chunk 3087007744 length 67108864
2026/08/07 19:08:36 DEBUG : PostProcess.zip: Sending chunk 3154116608 length 67108864
2026/08/07 19:08:38 DEBUG : PostProcess.zip: Sending chunk 3221225472 length 67108864
2026/08/07 19:08:40 DEBUG : PostProcess.zip: Sending chunk 3288334336 length 67108864
2026/08/07 19:08:42 DEBUG : PostProcess.zip: Sending chunk 3355443200 length 67108864
2026/08/07 19:08:44 DEBUG : PostProcess.zip: Sending chunk 3422552064 length 67108864
2026/08/07 19:08:46 DEBUG : PostProcess.zip: Sending chunk 3489660928 length 67108864
2026/08/07 19:08:48 DEBUG : PostProcess.zip: Sending chunk 3556769792 length 67108864
2026/08/07 19:08:53 DEBUG : PostProcess.zip: Sending chunk 3623878656 length 67108864
2026/08/07 19:08:55 DEBUG : PostProcess.zip: Sending chunk 3690987520 length 67108864
2026/08/07 19:08:58 DEBUG : PostProcess.zip: Sending chunk 3758096384 length 67108864
2026/08/07 19:09:00 DEBUG : PostProcess.zip: Sending chunk 3825205248 length 67108864
2026/08/07 19:09:02 DEBUG : PostProcess.zip: Sending chunk 3892314112 length 67108864
2026/08/07 19:09:04 DEBUG : PostProcess.zip: Sending chunk 3959422976 length 67108864
2026/08/07 19:09:06 DEBUG : PostProcess.zip: Sending chunk 4026531840 length 67108864
2026/08/07 19:09:08 DEBUG : PostProcess.zip: Sending chunk 4093640704 length 67108864
2026/08/07 19:09:11 DEBUG : PostProcess.zip: Sending chunk 4160749568 length 67108864
2026/08/07 19:09:13 DEBUG : PostProcess.zip: Sending chunk 4227858432 length 67108864
2026/08/07 19:09:16 DEBUG : PostProcess.zip: Sending chunk 4294967296 length 67108864
2026/08/07 19:09:18 DEBUG : PostProcess.zip: Sending chunk 4362076160 length 67108864
2026/08/07 19:09:21 DEBUG : PostProcess.zip: Sending chunk 4429185024 length 67108864
2026/08/07 19:09:53 DEBUG : PostProcess.zip: Sending chunk 4496293888 length 67108864
2026/08/07 19:09:55 DEBUG : PostProcess.zip: Sending chunk 4563402752 length 67108864
2026/08/07 19:09:57 DEBUG : PostProcess.zip: Sending chunk 4630511616 length 67108864
2026/08/07 19:09:59 DEBUG : PostProcess.zip: Sending chunk 4697620480 length 67108864
2026/08/07 19:10:02 DEBUG : PostProcess.zip: Sending chunk 4764729344 length 67108864
2026/08/07 19:10:04 DEBUG : PostProcess.zip: Sending chunk 4831838208 length 67108864
2026/08/07 19:10:06 DEBUG : PostProcess.zip: Sending chunk 4898947072 length 67108864
2026/08/07 19:10:08 DEBUG : PostProcess.zip: Sending chunk 4966055936 length 67108864
2026/08/07 19:10:10 DEBUG : PostProcess.zip: Sending chunk 5033164800 length 67108864
2026/08/07 19:10:13 DEBUG : PostProcess.zip: Sending chunk 5100273664 length 67108864
2026/08/07 19:10:14 DEBUG : PostProcess.zip: Sending chunk 5167382528 length 67108864
2026/08/07 19:10:17 DEBUG : PostProcess.zip: Sending chunk 5234491392 length 67108864
2026/08/07 19:10:18 DEBUG : PostProcess.zip: Sending chunk 5301600256 length 67108864
2026/08/07 19:10:21 DEBUG : PostProcess.zip: Sending chunk 5368709120 length 67108864
2026/08/07 19:10:23 DEBUG : PostProcess.zip: Sending chunk 5435817984 length 67108864
2026/08/07 19:10:26 DEBUG : PostProcess.zip: Sending chunk 5502926848 length 67108864
2026/08/07 19:10:28 DEBUG : PostProcess.zip: Sending chunk 5570035712 length 67108864
2026/08/07 19:10:30 DEBUG : PostProcess.zip: Sending chunk 5637144576 length 67108864
2026/08/07 19:10:32 DEBUG : PostProcess.zip: Sending chunk 5704253440 length 16021749
2026/08/07 19:10:35 DEBUG : PostProcess.zip: size = 5720275189 OK
2026/08/07 19:10:35 DEBUG : S6A67340005M_PostProcess_14941_21260.zip: md5 = 27434497ae4eb77615aaad286ea1ba53 OK
2026/08/07 19:10:35 INFO  : S6A67340005M_PostProcess_14941_21260.zip: Copied (new) to: PostProcess.zip
2026/08/07 19:10:35 INFO  : 
Transferred:   	    5.327 GiB / 5.327 GiB, 100%, 24.058 MiB/s, ETA 0s
Transferred:            1 / 1, 100%
Elapsed time:       5m6.6s

2026/08/07 19:10:35 DEBUG : 3 go routines active
2026/08/07 19:10:37 INFO  : There was nothing to transfer
2026/08/07 19:10:37 INFO  : 
Transferred:   	          0 B / 0 B, -, 0 B/s, ETA -
Checks:                 0 / 0, -, Listed 1
Elapsed time:         0.0s

2026/08/08 10:22:35 INFO  : Google drive root '20260808/S6A67340005M': Making directory
2026/08/08 10:22:58 DEBUG : rclone: Version "v1.75.0" starting with parameters ["rclone" "copyto" "C:\\logs\\.upload-temp\\S6A67340005M_PostProcess_30851_30301.zip" "gdrive:20260808/S6A67340005M/PostProcess.zip" "--drive-root-folder-id" "1VuN9N7JXBBuHByXVgUjm1jEw18wSW_N6" "--progress" "--stats" "30s" "--drive-chunk-size" "64M" "--contimeout" "30s" "--timeout" "15m" "--retries" "1" "--low-level-retries" "3" "--log-file" "C:\\ML_PostProcess\\ML_PostProcess_1.00a_20260804\\Tools\\logs\\rclone-upload-S6A67340005M.log" "--log-level" "DEBUG"]
2026/08/08 10:22:58 DEBUG : Creating backend with remote "C:\\logs\\.upload-temp\\S6A67340005M_PostProcess_30851_30301.zip"
2026/08/08 10:22:58 DEBUG : Using config file from "C:\\Users\\TEST\\AppData\\Roaming\\rclone\\rclone.conf"
2026/08/08 10:22:58 DEBUG : fs cache: renaming child cache item "C:\\logs\\.upload-temp\\S6A67340005M_PostProcess_30851_30301.zip" to be canonical for parent "//?/C:/logs/.upload-temp"
2026/08/08 10:22:58 DEBUG : Creating backend with remote "gdrive:20260808/S6A67340005M/"
2026/08/08 10:22:58 DEBUG : gdrive: detected overridden config - adding "{hcGEi}" suffix to name
2026/08/08 10:22:59 DEBUG : fs cache: renaming cache item "gdrive:20260808/S6A67340005M/" to be canonical "gdrive{hcGEi}:20260808/S6A67340005M"
2026/08/08 10:23:00 DEBUG : S6A67340005M_PostProcess_30851_30301.zip: Need to transfer - File not found at Destination
2026/08/08 10:23:02 DEBUG : PostProcess.zip: Sending chunk 0 length 67108864
2026/08/08 10:23:10 DEBUG : PostProcess.zip: Sending chunk 67108864 length 67108864
2026/08/08 10:23:15 DEBUG : PostProcess.zip: Sending chunk 134217728 length 67108864
2026/08/08 10:23:18 DEBUG : PostProcess.zip: Sending chunk 201326592 length 67108864
2026/08/08 10:23:21 DEBUG : PostProcess.zip: Sending chunk 268435456 length 67108864
2026/08/08 10:23:23 DEBUG : PostProcess.zip: Sending chunk 335544320 length 67108864
2026/08/08 10:23:25 DEBUG : PostProcess.zip: Sending chunk 402653184 length 67108864
2026/08/08 10:23:27 DEBUG : PostProcess.zip: Sending chunk 469762048 length 67108864
2026/08/08 10:23:28 DEBUG : PostProcess.zip: Sending chunk 536870912 length 67108864
2026/08/08 10:23:31 DEBUG : PostProcess.zip: Sending chunk 603979776 length 67108864
2026/08/08 10:23:33 DEBUG : PostProcess.zip: Sending chunk 671088640 length 67108864
2026/08/08 10:23:36 DEBUG : PostProcess.zip: Sending chunk 738197504 length 67108864
2026/08/08 10:23:39 DEBUG : PostProcess.zip: Sending chunk 805306368 length 67108864
2026/08/08 10:23:40 DEBUG : PostProcess.zip: Sending chunk 872415232 length 67108864
2026/08/08 10:23:43 DEBUG : PostProcess.zip: Sending chunk 939524096 length 67108864
2026/08/08 10:23:45 DEBUG : PostProcess.zip: Sending chunk 1006632960 length 67108864
2026/08/08 10:23:47 DEBUG : PostProcess.zip: Sending chunk 1073741824 length 67108864
2026/08/08 10:23:48 DEBUG : PostProcess.zip: Sending chunk 1140850688 length 67108864
2026/08/08 10:23:51 DEBUG : PostProcess.zip: Sending chunk 1207959552 length 67108864
2026/08/08 10:23:52 DEBUG : PostProcess.zip: Sending chunk 1275068416 length 67108864
2026/08/08 10:23:55 DEBUG : PostProcess.zip: Sending chunk 1342177280 length 67108864
2026/08/08 10:23:58 DEBUG : PostProcess.zip: Sending chunk 1409286144 length 67108864
2026/08/08 10:24:00 DEBUG : PostProcess.zip: Sending chunk 1476395008 length 67108864
2026/08/08 10:24:02 DEBUG : PostProcess.zip: Sending chunk 1543503872 length 67108864
2026/08/08 10:24:04 DEBUG : PostProcess.zip: Sending chunk 1610612736 length 67108864
2026/08/08 10:24:06 DEBUG : PostProcess.zip: Sending chunk 1677721600 length 67108864
2026/08/08 10:24:08 DEBUG : PostProcess.zip: Sending chunk 1744830464 length 67108864
2026/08/08 10:24:10 DEBUG : PostProcess.zip: Sending chunk 1811939328 length 67108864
2026/08/08 10:24:12 DEBUG : PostProcess.zip: Sending chunk 1879048192 length 67108864
2026/08/08 10:24:14 DEBUG : PostProcess.zip: Sending chunk 1946157056 length 67108864
2026/08/08 10:24:16 DEBUG : PostProcess.zip: Sending chunk 2013265920 length 67108864
2026/08/08 10:24:18 DEBUG : PostProcess.zip: Sending chunk 2080374784 length 67108864
2026/08/08 10:24:20 DEBUG : PostProcess.zip: Sending chunk 2147483648 length 67108864
2026/08/08 10:24:22 DEBUG : PostProcess.zip: Sending chunk 2214592512 length 67108864
2026/08/08 10:24:24 DEBUG : PostProcess.zip: Sending chunk 2281701376 length 67108864
2026/08/08 10:24:26 DEBUG : PostProcess.zip: Sending chunk 2348810240 length 67108864
2026/08/08 10:24:27 DEBUG : PostProcess.zip: Sending chunk 2415919104 length 67108864
2026/08/08 10:24:31 DEBUG : PostProcess.zip: Sending chunk 2483027968 length 67108864
2026/08/08 10:24:33 DEBUG : PostProcess.zip: Sending chunk 2550136832 length 67108864
2026/08/08 10:24:35 DEBUG : PostProcess.zip: Sending chunk 2617245696 length 67108864
2026/08/08 10:24:37 DEBUG : PostProcess.zip: Sending chunk 2684354560 length 67108864
2026/08/08 10:24:39 DEBUG : PostProcess.zip: Sending chunk 2751463424 length 67108864
2026/08/08 10:24:41 DEBUG : PostProcess.zip: Sending chunk 2818572288 length 67108864
2026/08/08 10:24:42 DEBUG : PostProcess.zip: Sending chunk 2885681152 length 67108864
2026/08/08 10:24:44 DEBUG : PostProcess.zip: Sending chunk 2952790016 length 67108864
2026/08/08 10:24:48 DEBUG : PostProcess.zip: Sending chunk 3019898880 length 67108864
2026/08/08 10:24:50 DEBUG : PostProcess.zip: Sending chunk 3087007744 length 67108864
2026/08/08 10:24:51 DEBUG : PostProcess.zip: Sending chunk 3154116608 length 67108864
2026/08/08 10:24:53 DEBUG : PostProcess.zip: Sending chunk 3221225472 length 67108864
2026/08/08 10:24:55 DEBUG : PostProcess.zip: Sending chunk 3288334336 length 67108864
2026/08/08 10:24:58 DEBUG : PostProcess.zip: Sending chunk 3355443200 length 67108864
2026/08/08 10:25:00 DEBUG : PostProcess.zip: Sending chunk 3422552064 length 67108864
2026/08/08 10:25:02 DEBUG : PostProcess.zip: Sending chunk 3489660928 length 67108864
2026/08/08 10:25:04 DEBUG : PostProcess.zip: Sending chunk 3556769792 length 67108864
2026/08/08 10:25:07 DEBUG : PostProcess.zip: Sending chunk 3623878656 length 67108864
2026/08/08 10:25:08 DEBUG : PostProcess.zip: Sending chunk 3690987520 length 67108864
2026/08/08 10:25:10 DEBUG : PostProcess.zip: Sending chunk 3758096384 length 67108864
2026/08/08 10:25:12 DEBUG : PostProcess.zip: Sending chunk 3825205248 length 67108864
2026/08/08 10:25:14 DEBUG : PostProcess.zip: Sending chunk 3892314112 length 67108864
2026/08/08 10:25:16 DEBUG : PostProcess.zip: Sending chunk 3959422976 length 67108864
2026/08/08 10:25:18 DEBUG : PostProcess.zip: Sending chunk 4026531840 length 67108864
2026/08/08 10:25:20 DEBUG : PostProcess.zip: Sending chunk 4093640704 length 67108864
2026/08/08 10:25:22 DEBUG : PostProcess.zip: Sending chunk 4160749568 length 67108864
2026/08/08 10:25:24 DEBUG : PostProcess.zip: Sending chunk 4227858432 length 67108864
2026/08/08 10:25:26 DEBUG : PostProcess.zip: Sending chunk 4294967296 length 67108864
2026/08/08 10:25:27 DEBUG : PostProcess.zip: Sending chunk 4362076160 length 67108864
2026/08/08 10:25:29 DEBUG : PostProcess.zip: Sending chunk 4429185024 length 67108864
2026/08/08 10:25:31 DEBUG : PostProcess.zip: Sending chunk 4496293888 length 67108864
2026/08/08 10:25:33 DEBUG : PostProcess.zip: Sending chunk 4563402752 length 67108864
2026/08/08 10:25:35 DEBUG : PostProcess.zip: Sending chunk 4630511616 length 67108864
2026/08/08 10:25:36 DEBUG : PostProcess.zip: Sending chunk 4697620480 length 67108864
2026/08/08 10:25:38 DEBUG : PostProcess.zip: Sending chunk 4764729344 length 67108864
2026/08/08 10:25:40 DEBUG : PostProcess.zip: Sending chunk 4831838208 length 67108864
2026/08/08 10:25:43 DEBUG : PostProcess.zip: Sending chunk 4898947072 length 67108864
2026/08/08 10:25:45 DEBUG : PostProcess.zip: Sending chunk 4966055936 length 67108864
2026/08/08 10:25:47 DEBUG : PostProcess.zip: Sending chunk 5033164800 length 67108864
2026/08/08 10:25:48 DEBUG : PostProcess.zip: Sending chunk 5100273664 length 67108864
2026/08/08 10:25:52 DEBUG : PostProcess.zip: Sending chunk 5167382528 length 67108864
2026/08/08 10:25:54 DEBUG : PostProcess.zip: Sending chunk 5234491392 length 67108864
2026/08/08 10:25:57 DEBUG : PostProcess.zip: Sending chunk 5301600256 length 67108864
2026/08/08 10:25:58 DEBUG : PostProcess.zip: Sending chunk 5368709120 length 67108864
2026/08/08 10:26:01 DEBUG : PostProcess.zip: Sending chunk 5435817984 length 67108864
2026/08/08 10:26:02 DEBUG : PostProcess.zip: Sending chunk 5502926848 length 67108864
2026/08/08 10:26:04 DEBUG : PostProcess.zip: Sending chunk 5570035712 length 67108864
2026/08/08 10:26:07 DEBUG : PostProcess.zip: Sending chunk 5637144576 length 67108864
2026/08/08 10:26:10 DEBUG : PostProcess.zip: Sending chunk 5704253440 length 67108864
2026/08/08 10:26:12 DEBUG : PostProcess.zip: Sending chunk 5771362304 length 67108864
2026/08/08 10:26:14 DEBUG : PostProcess.zip: Sending chunk 5838471168 length 67108864
2026/08/08 10:26:16 DEBUG : PostProcess.zip: Sending chunk 5905580032 length 67108864
2026/08/08 10:26:18 DEBUG : PostProcess.zip: Sending chunk 5972688896 length 67108864
2026/08/08 10:26:20 DEBUG : PostProcess.zip: Sending chunk 6039797760 length 67108864
2026/08/08 10:26:22 DEBUG : PostProcess.zip: Sending chunk 6106906624 length 67108864
2026/08/08 10:26:24 DEBUG : PostProcess.zip: Sending chunk 6174015488 length 67108864
2026/08/08 10:26:26 DEBUG : PostProcess.zip: Sending chunk 6241124352 length 67108864
2026/08/08 10:26:28 DEBUG : PostProcess.zip: Sending chunk 6308233216 length 67108864
2026/08/08 10:26:30 DEBUG : PostProcess.zip: Sending chunk 6375342080 length 67108864
2026/08/08 10:26:32 DEBUG : PostProcess.zip: Sending chunk 6442450944 length 67108864
2026/08/08 10:26:34 DEBUG : PostProcess.zip: Sending chunk 6509559808 length 67108864
2026/08/08 10:26:35 DEBUG : PostProcess.zip: Sending chunk 6576668672 length 67108864
2026/08/08 10:26:38 DEBUG : PostProcess.zip: Sending chunk 6643777536 length 67108864
2026/08/08 10:26:40 DEBUG : PostProcess.zip: Sending chunk 6710886400 length 67108864
2026/08/08 10:26:42 DEBUG : PostProcess.zip: Sending chunk 6777995264 length 67108864
2026/08/08 10:26:44 DEBUG : PostProcess.zip: Sending chunk 6845104128 length 67108864
2026/08/08 10:26:46 DEBUG : PostProcess.zip: Sending chunk 6912212992 length 67108864
2026/08/08 10:26:48 DEBUG : PostProcess.zip: Sending chunk 6979321856 length 67108864
2026/08/08 10:26:54 DEBUG : PostProcess.zip: Sending chunk 7046430720 length 67108864
2026/08/08 10:26:57 DEBUG : PostProcess.zip: Sending chunk 7113539584 length 67108864
2026/08/08 10:27:00 DEBUG : PostProcess.zip: Sending chunk 7180648448 length 67108864
2026/08/08 10:27:02 DEBUG : PostProcess.zip: Sending chunk 7247757312 length 67108864
2026/08/08 10:27:04 DEBUG : PostProcess.zip: Sending chunk 7314866176 length 67108864
2026/08/08 10:27:06 DEBUG : PostProcess.zip: Sending chunk 7381975040 length 67108864
2026/08/08 10:27:08 DEBUG : PostProcess.zip: Sending chunk 7449083904 length 67108864
2026/08/08 10:27:09 DEBUG : PostProcess.zip: Sending chunk 7516192768 length 67108864
2026/08/08 10:27:11 DEBUG : PostProcess.zip: Sending chunk 7583301632 length 67108864
2026/08/08 10:27:13 DEBUG : PostProcess.zip: Sending chunk 7650410496 length 67108864
2026/08/08 10:27:17 DEBUG : PostProcess.zip: Sending chunk 7717519360 length 67108864
2026/08/08 10:27:19 DEBUG : PostProcess.zip: Sending chunk 7784628224 length 67108864
2026/08/08 10:27:21 DEBUG : PostProcess.zip: Sending chunk 7851737088 length 67108864
2026/08/08 10:27:23 DEBUG : PostProcess.zip: Sending chunk 7918845952 length 67108864
2026/08/08 10:27:25 DEBUG : PostProcess.zip: Sending chunk 7985954816 length 67108864
2026/08/08 10:27:27 DEBUG : PostProcess.zip: Sending chunk 8053063680 length 67108864
2026/08/08 10:27:29 DEBUG : PostProcess.zip: Sending chunk 8120172544 length 67108864
2026/08/08 10:27:32 DEBUG : PostProcess.zip: Sending chunk 8187281408 length 67108864
2026/08/08 10:27:37 DEBUG : PostProcess.zip: Sending chunk 8254390272 length 67108864
2026/08/08 10:27:40 DEBUG : PostProcess.zip: Sending chunk 8321499136 length 67108864
2026/08/08 10:27:42 DEBUG : PostProcess.zip: Sending chunk 8388608000 length 67108864
2026/08/08 10:27:44 DEBUG : PostProcess.zip: Sending chunk 8455716864 length 67108864
2026/08/08 10:27:45 DEBUG : PostProcess.zip: Sending chunk 8522825728 length 52618865
2026/08/08 10:27:48 DEBUG : PostProcess.zip: size = 8575444593 OK
2026/08/08 10:27:48 DEBUG : S6A67340005M_PostProcess_30851_30301.zip: md5 = b61f3acd84ff262c51388260d2b8f562 OK
2026/08/08 10:27:48 INFO  : S6A67340005M_PostProcess_30851_30301.zip: Copied (new) to: PostProcess.zip
2026/08/08 10:27:48 INFO  : 
Transferred:   	    7.987 GiB / 7.987 GiB, 100%, 25.377 MiB/s, ETA 0s
Transferred:            1 / 1, 100%
Elapsed time:      4m48.5s

2026/08/08 10:27:48 DEBUG : 3 go routines active
2026/08/08 10:27:51 INFO  : There was nothing to transfer
2026/08/08 10:27:51 INFO  : 
Transferred:   	          0 B / 0 B, -, 0 B/s, ETA -
Checks:                 0 / 0, -, Listed 1
Elapsed time:         0.0s

